,Demographics (Columns B - Y),,,,,,,,,,,,,,,,,,,,,,,,Economics and the Environment (Columns Z - BE),,,,,,,,,,,,,,,,,,,,,,,,,,,,,,,,Education (Columns BF - BY),,,,,,,,,,,,,,,,,,,,Health (Columns BZ - CW),,,,,,,,,,,,,,,,,,,,,,,,Taxation (Columns CX - DN),,,,,,,,,,,,,,,,
,County Population,,,,Population Change Since 2014,,,,Median Age,,,,Population Under Age 18,,,,Population Aged 65+,,,,Veteran Population,,,,Agricultural Land,,,,Number of Farms,,,,Broadband Internet Access,,,,Computing Device Access,,,,Children in Poverty,,,,Average Weekly Wage,,,,Per Capita Income,,,,Gross Domestic Product,,,,NC Pre-K Enrollment,,,,K-12 Current Expense Funding,,,,Opportunity Youth,,,,Adults Without a High School Diploma,,,,Educational Attainment,,,,Food Insecurity,,,,Traditional Medicaid Enrollment,,,,Medicaid Expansion Enrollment,,,,Uninsured Residents,,,,Emergency Dept. Visits for Drug Overdose,,,,Overdose Deaths,,,,Property Tax Rates,,,,Property Tax Levy,,,,Taxable Property Valuation,,,,Present Use Valuation (PUV),,,,Local Option Sales Taxes
,2024 #,Rank,2024 % of State,Rank,% Change,Rank,# Change,Rank,2024 Age,Rank,Change in Years,Rank,2024 %,Rank,2014 %,Rank,2024 %,Rank,2014 %,Rank,As a % of County's Population,Rank,"Total # of
Veterans",Rank,Acres in 2022,Rank,% Change from 2017,Rank,Farms in 2022,Rank,% Change from 2017,Rank,2022 %,Rank,2019 %,Rank,2022 %,Rank,2019 %,Rank,% of Children,Rank,# of Children,Rank,2023 Wage in $,Rank,As a % of State Avg. Wage,Rank,2022 $,Rank,2022 as a % of state PCI,Rank,2022 $ in Millions,Rank,2021 $ in Millions,Rank,2023 % Enrolled,Rank,2022 % Enrolled,Rank,$/ADM,Rank,Total Funding in Millions,Rank,2022 %,Rank,2019 %,Rank,% of Residents,Rank,"# of
Residents",Rank,2022 %,Rank,2022 #,2030 Goal #,2022 %,Rank,2021 %,Rank,% Enrolled,Rank,# Enrolled,Rank,% Enrolled,Rank,# Enrolled,Rank,2021 % Uninsured,Rank,2020 % Uninsured,Rank,"# Per 100,000",Rank,Total Visits,Rank,"# Per 100,000",Rank,Total Deaths,Rank,FY 2024-25 ¢/$100,Rank,FY 2023-24 ¢/$100,Rank,$ Per Capita,Rank,Total Levy $ in Millions,Rank,$ Per Capita,Rank,Total $ in Million,Rank,% Share of Real Prop. Valuation Deferred,Rank,Valuation Deferred in Millions,Rank,% Rate 
Alamance," 	184,114 ", 	15 ,1.7%, 	15 ,18.4%, 	13 ," 	28,556 ", 	13 ,40.22, 	70 , 	0.91 , 	55 ,20.5%, 	38 ,22.7%, 	31 ,19.1%, 	74 ,15.9%, 	70 ,5.1%, 	82 ," 	9,461 ", 	22 ,68769, 	51 ,-14.1%, 	75 ,724, 	21 ,0.6%, 	24 , 	0.86 , 	32 , 	0.78 , 	42 , 	0.82 , 	28 , 	0.79 , 	33 ,15.0%, 	16 ," 	5,692 ", 	82 ,978, 	29 ,77%, 	29 ," 	48,980 ", 	45 ,84.29%, 	45 ,6675,18," 	6,675 ", 	18 ,47.4%, 	75 ,46.4%, 	76 ,"$1,971",49, 	48.83 , 	16 ,12.5%, 	39 ,10%, 	21 ,11.1%, 	52 ," 	4,646 ", 	87 ,48%, 	30 ," 	20,008 "," 	25,925 ",14.3%, 	23 ,11.4%, 	22 ,31.2%, 	49 ," 	56,595 ", 	88 ,7.3%, 	23 ," 	7,674 ", 	83 ,14.0%, 	65 ,14.5%, 	65 , 	168 , 	62 , 	284 , 	86 ,34.2, 	31 , 	58 , 	78 , 	0.4690 , 	18 , 	0.4320 , 	13 ,601.4, 	91 ,109.1, 	20 ," 	139,210 ", 	45 ," 	25,252 ", 	16 ,2.1%, 	83 , 	442 , 	25 ,6.75%
Alexander," 	36,464 ", 	67 ,0.3%, 	67 ,-1.0%, 	63 , 	(359), 	63 ,44.23, 	33 , 	1.80 , 	25 ,18.4%, 	68 ,20.8%, 	65 ,21.6%, 	47 ,17.7%, 	49 ,5.3%, 	77 ," 	1,950 ", 	72 ,50799, 	69 ,-6.2%, 	57 ,535, 	32 ,-1.7%, 	30 , 	0.84 , 	42 , 	0.74 , 	55 , 	0.77 , 	54 , 	0.74 , 	57 ,20.9%, 	47 ," 	1,467 ", 	39 ,841, 	85 ,67%, 	85 ," 	48,035 ", 	55 ,82.66%, 	55 ,884,71, 	844 , 	71 ,34.9%, 	88 ,33.8%, 	93 ,"$1,734",59, 	7.38 , 	65 ,16.7%, 	72 ,16%, 	71 ,11.5%, 	54 , 	990 , 	40 ,37%, 	75 ," 	3,191 "," 	4,753 ",14.9%, 	34 ,11.6%, 	23 ,29.4%, 	39 ," 	10,686 ", 	34 ,8.3%, 	40 ," 	1,790 ", 	36 ,12.9%, 	41 ,12.5%, 	26 , 	163 , 	60 , 	61 , 	41 ,29.3, 	23 , 	11 , 	26 , 	0.6500 , 	58 , 	0.6700 , 	55 ,745.0, 	65 ,27.1, 	68 ," 	111,194 ", 	63 ," 	4,042 ", 	69 ,7.6%, 	34 , 	272 , 	56 ,7.00%
Alleghany," 	11,464 ", 	93 ,0.1%, 	93 ,4.9%, 	54 , 	540 , 	54 ,45.93, 	22 , 	(1.04), 	91 ,16.7%, 	83 ,18.5%, 	87 ,26.7%, 	18 ,24.0%, 	11 ,7.2%, 	31 , 	831 , 	94 ,63298, 	59 ,-10.3%, 	65 ,435, 	40 ,-2.9%, 	36 , 	0.79 , 	69 , 	0.76 , 	46 , 	0.72 , 	78 , 	0.72 , 	69 ,25.3%, 	72 , 	458 , 	8 ,779, 	96 ,62%, 	96 ," 	44,464 ", 	80 ,76.52%, 	80 ,303,90, 	303 , 	90 ,112.7%, 	14 ,98.6%, 	14 ,"$2,171",39, 	2.86 , 	83 ,14.3%, 	55 ,16%, 	66 ,22.3%, 	97 , 	503 , 	22 ,38%, 	70 , 	852 ," 	1,066 ",18.0%, 	93 ,15.8%, 	93 ,31.1%, 	47 ," 	3,552 ", 	9 ,9.2%, 	56 , 	562 , 	8 ,18.4%, 	95 ,17.0%, 	89 , 	135 , 	48 , 	15 , 	15 ,44.9, 	57 , 	5 , 	10 , 	0.5970 , 	44 , 	0.5970 , 	36 ,1093.0, 	16 ,12.5, 	89 ," 	183,090 ", 	24 ," 	2,092 ", 	85 ,17.1%, 	8 , 	367 , 	37 ,7.00%
Anson," 	22,059 ", 	75 ,0.2%, 	75 ,-12.2%, 	90 ," 	(3,079)", 	90 ,40.29, 	69 , 	0.32 , 	78 ,21.1%, 	28 ,21.0%, 	58 ,19.5%, 	71 ,16.3%, 	62 ,6.3%, 	43 ," 	1,396 ", 	77 ,84695, 	39 ,-0.7%, 	42 ,421, 	43 ,2.2%, 	18 , 	0.83 , 	43 , 	0.75 , 	52 , 	0.71 , 	79 , 	0.69 , 	80 ,32.6%, 	94 ," 	1,395 ", 	38 ,857, 	73 ,68%, 	73 ," 	50,187 ", 	37 ,86.37%, 	37 ,837,72, 	762 , 	76 ,60.9%, 	59 ,101.3%, 	13 ,null,null,null,null,10.3%, 	24 ,16%, 	62 ,14.0%, 	78 , 	791 , 	35 ,23%, 	100 ," 	1,308 "," 	3,185 ",16.1%, 	62 ,12.5%, 	39 ,46.0%, 	91 ," 	10,163 ", 	33 ,14.2%, 	94 ," 	1,754 ", 	35 ,13.0%, 	44 ,12.8%, 	33 , 	160 , 	57 , 	39 , 	31 ,28.6, 	21 , 	7 , 	18 , 	0.7770 , 	82 , 	0.7770 , 	78 ,784.0, 	55 ,17.3, 	80 ," 	100,898 ", 	75 ," 	2,229 ", 	82 ,20.6%, 	3 , 	346 , 	38 ,7.00%
Ashe," 	27,196 ", 	73 ,0.2%, 	73 ,1.9%, 	55 , 	514 , 	55 ,48.34, 	12 , 	1.87 , 	23 ,16.7%, 	86 ,18.9%, 	81 ,27.1%, 	15 ,22.9%, 	15 ,5.5%, 	70 ," 	1,503 ", 	74 ,84498, 	40 ,-23.0%, 	88 ,760, 	17 ,-12.0%, 	65 , 	0.79 , 	65 , 	0.70 , 	70 , 	0.79 , 	48 , 	0.74 , 	59 ,20.6%, 	45 , 	911 , 	24 ,859, 	71 ,68%, 	71 ," 	44,433 ", 	81 ,76.46%, 	81 ,778,76, 	763 , 	75 ,78.8%, 	33 ,129.5%, 	3 ,"$2,390",29, 	6.30 , 	67 ,5.5%, 	9 ,6%, 	4 ,9.0%, 	36 , 	516 , 	24 ,44%, 	42 ," 	2,504 "," 	4,133 ",16.2%, 	64 ,13.1%, 	50 ,27.9%, 	32 ," 	7,528 ", 	26 ,8.0%, 	31 ," 	1,167 ", 	22 ,13.7%, 	57 ,13.8%, 	57 , 	96 , 	28 , 	26 , 	25 ,25.7, 	17 , 	7 , 	18 , 	0.4400 , 	14 , 	0.4400 , 	14 ,977.2, 	27 ,26.4, 	70 ," 	222,082 ", 	10 ," 	5,991 ", 	55 ,7.5%, 	35 , 	429 , 	29 ,7.00%
Avery," 	17,395 ", 	84 ,0.2%, 	84 ,-2.0%, 	62 , 	(357), 	62 ,46.13, 	20 , 	2.27 , 	14 ,15.3%, 	96 ,16.2%, 	99 ,23.6%, 	32 ,19.9%, 	26 ,5.1%, 	83 , 	892 , 	92 ,22598, 	87 ,-21.2%, 	86 ,335, 	55 ,-4.6%, 	41 , 	0.81 , 	50 , 	0.71 , 	69 , 	0.78 , 	50 , 	0.73 , 	65 ,20.5%, 	44 , 	502 , 	10 ,808, 	94 ,64%, 	94 ," 	45,653 ", 	69 ,78.56%, 	69 ,630,80, 	632 , 	79 ,75.6%, 	36 ,85.4%, 	29 ,"$2,889",18, 	5.40 , 	73 ,5.5%, 	6 ,6%, 	6 ,12.3%, 	62 , 	538 , 	26 ,39%, 	66 ," 	1,688 "," 	1,782 ",15.3%, 	39 ,13.1%, 	50 ,25.1%, 	20 ," 	4,374 ", 	11 ,6.7%, 	20 , 	726 , 	13 ,15.5%, 	80 ,16.3%, 	87 , 	103 , 	32 , 	18 , 	19 ,28.5, 	19 , 	5 , 	10 , 	0.4000 , 	9 , 	0.4000 , 	9 ,1411.9, 	5 ,24.6, 	74 ," 	352,969 ", 	2 ," 	6,140 ", 	54 ,1.8%, 	87 , 	105 , 	92 ,6.75%
Beaufort," 	43,593 ", 	58 ,0.4%, 	58 ,-6.1%, 	87 ," 	(2,822)", 	87 ,46.10, 	21 , 	1.38 , 	38 ,19.1%, 	62 ,21.3%, 	52 ,26.9%, 	17 ,21.7%, 	20 ,7.4%, 	27 ," 	3,207 ", 	50 ,139853, 	14 ,0.3%, 	38 ,259, 	66 ,-16.5%, 	81 , 	0.81 , 	50 , 	0.69 , 	77 , 	0.78 , 	52 , 	0.74 , 	63 ,28.2%, 	82 ," 	2,374 ", 	50 ,906, 	44 ,72%, 	44 ," 	54,554 ", 	25 ,93.88%, 	25 ,1862,49," 	1,876 ", 	47 ,51.6%, 	69 ,46.6%, 	75 ,"$2,590",23, 	15.58 , 	40 ,18.6%, 	88 ,14%, 	47 ,12.1%, 	60 ," 	1,123 ", 	42 ,41%, 	60 ," 	3,755 "," 	5,588 ",15.7%, 	50 ,13.2%, 	55 ,36.8%, 	73 ," 	16,100 ", 	45 ,11.4%, 	83 ," 	2,666 ", 	46 ,13.8%, 	61 ,13.7%, 	55 , 	81 , 	22 , 	38 , 	30 ,51.1, 	73 , 	24 , 	53 , 	0.6250 , 	52 , 	0.6250 , 	44 ,921.1, 	37 ,40.3, 	54 ," 	147,379 ", 	38 ," 	6,453 ", 	51 ,6.2%, 	40 , 	274 , 	53 ,6.75%
Bertie," 	16,739 ", 	85 ,0.2%, 	85 ,-15.2%, 	89 ," 	(3,011)", 	89 ,40.60, 	68 , 	(1.38), 	94 ,19.4%, 	55 ,20.0%, 	71 ,21.2%, 	51 ,18.1%, 	41 ,6.5%, 	40 ," 	1,085 ", 	86 ,161862, 	8 ,9.3%, 	20 ,288, 	59 ,-10.8%, 	59 , 	0.64 , 	99 , 	0.58 , 	96 , 	0.69 , 	88 , 	0.63 , 	93 ,34.9%, 	96 , 	996 , 	26 ,812, 	93 ,64%, 	93 ," 	49,409 ", 	43 ,85.03%, 	43 ,641,78, 	629 , 	80 ,79.3%, 	32 ,89.1%, 	24 ,"$1,852",54, 	3.03 , 	79 ,18.5%, 	87 ,18%, 	87 ,16.8%, 	92 , 	726 , 	31 ,37%, 	77 ," 	1,589 "," 	2,372 ",16.0%, 	57 ,14.1%, 	75 ,43.6%, 	85 ," 	7,342 ", 	24 ,11.5%, 	85 ," 	1,103 ", 	20 ,11.7%, 	12 ,11.4%, 	7 , 	69 , 	10 , 	13 , 	12 ,31.7, 	27 , 	6 , 	14 , 	0.9300 , 	98 , 	0.8650 , 	95 ,765.4, 	60 ,12.9, 	87 ," 	88,483 ", 	87 ," 	1,490 ", 	94 ,15.7%, 	11 , 	188 , 	75 ,7.00%
Bladen," 	28,850 ", 	72 ,0.3%, 	72 ,-12.2%, 	91 ," 	(4,001)", 	91 ,38.26, 	84 , 	(2.48), 	98 ,22.3%, 	17 ,22.5%, 	35 ,19.5%, 	70 ,17.7%, 	48 ,7.3%, 	28 ," 	2,101 ", 	71 ,146195, 	11 ,-18.9%, 	81 ,423, 	42 ,-17.4%, 	82 , 	0.80 , 	58 , 	0.70 , 	73 , 	0.70 , 	87 , 	0.70 , 	79 ,27.5%, 	79 ," 	1,599 ", 	40 ,884, 	57 ,70%, 	57 ," 	48,424 ", 	52 ,83.33%, 	52 ,1414,63," 	1,416 ", 	64 ,97.3%, 	18 ,87.2%, 	27 ,"$1,739",58, 	8.02 , 	64 ,20.7%, 	96 ,22%, 	97 ,8.8%, 	31 , 	565 , 	27 ,36%, 	80 ," 	2,319 "," 	4,501 ",17.5%, 	88 ,14.7%, 	85 ,46.3%, 	93 ," 	13,382 ", 	41 ,11.9%, 	87 ," 	1,953 ", 	39 ,14.5%, 	71 ,15.5%, 	81 , 	208 , 	82 , 	68 , 	44 ,58.1, 	84 , 	19 , 	38 , 	0.7850 , 	83 , 	0.7850 , 	79 ,963.3, 	28 ,27.8, 	67 ," 	122,716 ", 	57 ," 	3,547 ", 	73 ,9.6%, 	24 , 	243 , 	59 ,6.75%
Brunswick," 	166,886 ", 	19 ,1.5%, 	19 ,44.5%, 	5 ," 	51,407 ", 	5 ,53.50, 	1 , 	4.22 , 	2 ,13.9%, 	99 ,17.7%, 	91 ,32.5%, 	3 ,26.7%, 	5 ,8.7%, 	14 ," 	14,521 ", 	10 ,45150, 	72 ,1.0%, 	34 ,238, 	70 ,3.0%, 	17 , 	0.93 , 	5 , 	0.85 , 	12 , 	0.90 , 	3 , 	0.87 , 	11 ,16.5%, 	27 ," 	3,441 ", 	67 ,951, 	32 ,75%, 	32 ," 	58,281 ", 	16 ,100.30%, 	16 ,5647,20," 	5,377 ", 	20 ,52.0%, 	67 ,49.3%, 	70 ,"$3,694",6, 	54.43 , 	14 ,12.4%, 	38 ,15%, 	60 ,8.1%, 	28 ," 	2,077 ", 	61 ,48%, 	28 ," 	12,365 "," 	22,373 ",13.5%, 	17 ,11.2%, 	19 ,22.4%, 	12 ," 	35,875 ", 	76 ,8.1%, 	33 ," 	6,725 ", 	79 ,12.2%, 	21 ,11.7%, 	11 , 	77 , 	18 , 	110 , 	58 ,45.5, 	59 , 	65 , 	80 , 	0.3420 , 	5 , 	0.3420 , 	5 ,1075.5, 	18 ,172.1, 	15 ," 	314,470 ", 	4 ," 	50,322 ", 	7 ,1.4%, 	90 , 	620 , 	16 ,6.75%
Buncombe," 	279,331 ", 	7 ,2.5%, 	7 ,10.7%, 	14 ," 	26,947 ", 	14 ,44.04, 	36 , 	2.39 , 	12 ,16.9%, 	82 ,19.5%, 	77 ,22.7%, 	38 ,18.0%, 	42 ,6.3%, 	44 ," 	17,589 ", 	7 ,78245, 	45 ,8.2%, 	21 ,1074, 	3 ,0.1%, 	28 , 	0.86 , 	35 , 	0.82 , 	21 , 	0.83 , 	27 , 	0.82 , 	24 ,15.4%, 	19 ," 	7,209 ", 	88 ,1076, 	11 ,85%, 	11 ," 	61,560 ", 	10 ,105.94%, 	10 ,15337,7," 	14,892 ", 	7 ,46.2%, 	78 ,41.0%, 	83 ,"$3,908",4, 	113.27 , 	7 ,11.4%, 	28 ,12%, 	24 ,7.2%, 	18 ," 	5,303 ", 	93 ,60%, 	9 ," 	44,626 "," 	57,403 ",14.5%, 	26 ,11.9%, 	29 ,23.9%, 	15 ," 	66,131 ", 	91 ,7.5%, 	25 ," 	12,316 ", 	93 ,12.6%, 	31 ,14.5%, 	65 , 	199 , 	77 , 	520 , 	93 ,57.8, 	82 , 	151 , 	94 , 	0.5176 , 	25 , 	0.4980 , 	19 ,924.9, 	36 ,255.6, 	6 ," 	185,727 ", 	21 ," 	51,329 ", 	5 ,1.9%, 	86 , 	843 , 	10 ,7.00%
Burke," 	89,581 ", 	33 ,0.8%, 	33 ,2.3%, 	45 ," 	2,034 ", 	45 ,43.44, 	42 , 	0.60 , 	66 ,19.0%, 	63 ,21.0%, 	59 ,22.3%, 	40 ,18.3%, 	36 ,5.8%, 	58 ," 	5,221 ", 	35 ,44077, 	73 ,14.1%, 	15 ,473, 	38 ,-6.9%, 	46 , 	0.80 , 	62 , 	0.72 , 	65 , 	0.76 , 	59 , 	0.71 , 	77 ,18.5%, 	34 ," 	2,780 ", 	55 ,886, 	56 ,70%, 	56 ," 	44,631 ", 	78 ,76.81%, 	78 ,2616,37," 	2,598 ", 	37 ,76.0%, 	35 ,63.9%, 	53 ,"$1,568",66, 	18.50 , 	37 ,18.2%, 	81 ,22%, 	96 ,14.2%, 	80 ," 	2,911 ", 	76 ,41%, 	58 ," 	8,363 "," 	9,970 ",17.2%, 	85 ,15.0%, 	90 ,33.4%, 	60 ," 	29,814 ", 	72 ,11.0%, 	80 ," 	5,505 ", 	75 ,14.6%, 	74 ,15.1%, 	76 , 	272 , 	93 , 	246 , 	81 ,44.2, 	56 , 	40 , 	71 , 	0.5600 , 	32 , 	0.5600 , 	28 ,657.4, 	82 ,58.6, 	40 ," 	117,389 ", 	59 ," 	10,469 ", 	36 ,2.1%, 	82 , 	180 , 	77 ,6.75%
Cabarrus," 	248,866 ", 	10 ,2.3%, 	10 ,28.5%, 	4 ," 	55,137 ", 	4 ,39.60, 	76 , 	1.83 , 	24 ,21.8%, 	22 ,25.8%, 	7 ,14.8%, 	93 ,12.3%, 	89 ,4.5%, 	96 ," 	11,198 ", 	15 ,64227, 	55 ,0.9%, 	36 ,630, 	25 ,0.2%, 	26 , 	0.91 , 	14 , 	0.89 , 	4 , 	0.88 , 	12 , 	0.88 , 	5 ,9.9%, 	4 ," 	5,721 ", 	83 ,1008, 	21 ,80%, 	21 ," 	54,754 ", 	24 ,94.23%, 	24 ,8667,14," 	8,457 ", 	14 ,47.3%, 	76 ,37.8%, 	86 ,"$2,307",33, 	97.50 , 	9 ,13.8%, 	48 ,13%, 	38 ,7.2%, 	19 ," 	4,383 ", 	85 ,59%, 	11 ," 	35,925 "," 	49,862 ",11.5%, 	3 ,8.9%, 	3 ,24.6%, 	18 ," 	59,993 ", 	89 ,6.5%, 	16 ," 	9,640 ", 	89 ,10.8%, 	5 ,11.6%, 	10 , 	155 , 	55 , 	336 , 	88 ,34.2, 	31 , 	74 , 	84 , 	0.5760 , 	36 , 	0.7400 , 	71 ,982.5, 	26 ,239.7, 	7 ," 	132,766 ", 	52 ," 	32,387 ", 	12 ,3.3%, 	72 , 	897 , 	9 ,7.00%
Caldwell," 	81,884 ", 	35 ,0.7%, 	35 ,0.7%, 	53 , 	608 , 	53 ,43.88, 	40 , 	1.03 , 	50 ,18.6%, 	66 ,21.0%, 	61 ,21.2%, 	49 ,17.6%, 	50 ,5.7%, 	64 ," 	4,703 ", 	39 ,35964, 	79 ,-5.3%, 	55 ,430, 	41 ,4.6%, 	16 , 	0.83 , 	45 , 	0.78 , 	39 , 	0.74 , 	72 , 	0.75 , 	56 ,23.9%, 	67 ," 	3,682 ", 	71 ,939, 	33 ,74%, 	33 ," 	44,761 ", 	77 ,77.03%, 	77 ,2388,42," 	2,394 ", 	42 ,61.6%, 	57 ,59.2%, 	59 ,"$1,402",74, 	14.80 , 	45 ,16.7%, 	70 ,16%, 	69 ,12.7%, 	69 ," 	2,273 ", 	66 ,38%, 	68 ," 	6,847 "," 	10,959 ",16.0%, 	57 ,13.5%, 	62 ,36.1%, 	71 ," 	29,492 ", 	70 ,10.2%, 	73 ," 	4,852 ", 	70 ,13.8%, 	61 ,14.3%, 	61 , 	257 , 	92 , 	211 , 	76 ,43.8, 	55 , 	36 , 	65 , 	0.6300 , 	54 , 	0.6300 , 	46 ,677.2, 	78 ,55.4, 	42 ," 	107,493 ", 	69 ," 	8,789 ", 	42 ,4.3%, 	59 , 	273 , 	54 ,6.75%
Camden," 	11,291 ", 	94 ,0.1%, 	94 ,12.6%, 	49 ," 	1,264 ", 	49 ,42.67, 	50 , 	0.82 , 	59 ,18.2%, 	70 ,21.8%, 	46 ,18.7%, 	77 ,15.0%, 	76 ,10.8%, 	7 ," 	1,219 ", 	83 ,54621, 	65 ,-7.8%, 	61 ,76, 	95 ,-6.2%, 	44 , 	0.93 , 	3 , 	0.86 , 	9 , 	0.89 , 	6 , 	0.87 , 	8 ,9.2%, 	3 , 	230 , 	3 ,929, 	34 ,74%, 	34 ," 	56,906 ", 	19 ,97.93%, 	19 ,172,99, 	174 , 	99 ,216.0%, 	1 ,174.2%, 	1 ,"$1,562",67, 	3.00 , 	80 ,9.9%, 	22 ,13%, 	37 ,5.1%, 	3 , 	130 , 	2 ,56%, 	15 ," 	1,419 "," 	1,683 ",12.0%, 	5 ,9.4%, 	6 ,17.4%, 	5 ," 	1,924 ", 	3 ,4.5%, 	5 , 	310 , 	3 ,12.3%, 	24 ,13.5%, 	48 , 	92 , 	25 , 	10 , 	6 ,36.8, 	40 , 	4 , 	7 , 	0.7300 , 	72 , 	0.7300 , 	64 ,1125.6, 	15 ,12.5, 	90 ," 	154,194 ", 	32 ," 	1,706 ", 	92 ,12.1%, 	18 , 	202 , 	71 ,6.75%
Carteret," 	70,822 ", 	39 ,0.6%, 	39 ,4.0%, 	42 ," 	2,709 ", 	42 ,48.88, 	10 , 	1.74 , 	27 ,15.5%, 	94 ,17.9%, 	89 ,27.6%, 	13 ,22.2%, 	18 ,11.4%, 	5 ," 	8,045 ", 	27 ,60950, 	62 ,-2.9%, 	48 ,94, 	92 ,-40.5%, 	98 , 	0.91 , 	12 , 	0.85 , 	11 , 	0.86 , 	18 , 	0.85 , 	14 ,17.0%, 	30 ," 	1,935 ", 	46 ,846, 	80 ,67%, 	80 ," 	63,531 ", 	8 ,109.33%, 	8 ,2555,39," 	2,559 ", 	38 ,97.0%, 	20 ,109.3%, 	7 ,"$3,399",12, 	27.42 , 	27 ,11.8%, 	32 ,13%, 	35 ,6.1%, 	11 , 	859 , 	39 ,55%, 	17 ," 	7,716 "," 	11,750 ",14.6%, 	28 ,11.7%, 	27 ,23.4%, 	13 ," 	16,429 ", 	46 ,8.1%, 	32 ," 	3,130 ", 	54 ,12.7%, 	37 ,11.7%, 	11 , 	181 , 	66 , 	126 , 	63 ,56.1, 	79 , 	39 , 	70 , 	0.3400 , 	4 , 	0.3400 , 	4 ,851.0, 	44 ,59.8, 	38 ," 	250,288 ", 	8 ," 	17,594 ", 	24 ,0.6%, 	96 , 	98 , 	95 ,6.75%
Caswell," 	21,960 ", 	76 ,0.2%, 	76 ,-5.3%, 	79 ," 	(1,225)", 	79 ,45.12, 	26 , 	1.03 , 	51 ,16.6%, 	88 ,18.6%, 	84 ,24.1%, 	30 ,18.2%, 	39 ,5.7%, 	66 ," 	1,241 ", 	82 ,84373, 	41 ,-19.6%, 	83 ,412, 	45 ,-16.4%, 	80 , 	0.77 , 	80 , 	0.65 , 	85 , 	0.78 , 	53 , 	0.67 , 	86 ,24.0%, 	68 , 	958 , 	25 ,870, 	67 ,69%, 	67 ," 	41,155 ", 	95 ,70.82%, 	95 ,331,88, 	346 , 	88 ,75.3%, 	37 ,88.2%, 	26 ,"$1,331",80, 	2.78 , 	84 ,17.2%, 	77 ,18%, 	84 ,15.6%, 	90 , 	781 , 	34 ,33%, 	91 ," 	1,648 "," 	3,266 ",14.9%, 	34 ,12.8%, 	46 ,33.4%, 	59 ," 	7,379 ", 	25 ,9.2%, 	57 ," 	1,198 ", 	23 ,13.6%, 	55 ,13.8%, 	57 , 	80 , 	21 , 	18 , 	19 ,31, 	26 , 	7 , 	18 , 	0.5850 , 	39 , 	0.7350 , 	68 ,597.3, 	93 ,13.2, 	85 ," 	81,260 ", 	94 ," 	1,796 ", 	91 ,14.1%, 	13 , 	230 , 	60 ,6.75%
Catawba," 	168,239 ", 	18 ,1.5%, 	18 ,7.8%, 	25 ," 	12,196 ", 	25 ,42.81, 	48 , 	2.01 , 	18 ,20.0%, 	46 ,22.6%, 	32 ,20.3%, 	56 ,16.1%, 	66 ,5.5%, 	72 ," 	9,273 ", 	23 ,61631, 	61 ,-3.0%, 	49 ,608, 	27 ,-4.7%, 	42 , 	0.86 , 	29 , 	0.81 , 	25 , 	0.80 , 	42 , 	0.78 , 	40 ,16.4%, 	26 ," 	5,631 ", 	81 ,1046, 	14 ,83%, 	14 ," 	55,223 ", 	22 ,95.03%, 	22 ,9242,12," 	9,060 ", 	13 ,55.1%, 	62 ,46.4%, 	77 ,"$2,015",48, 	44.04 , 	18 ,15.4%, 	60 ,13%, 	44 ,9.1%, 	38 ," 	3,465 ", 	80 ,47%, 	32 ," 	17,951 "," 	23,455 ",14.8%, 	32 ,12.0%, 	31 ,28.6%, 	36 ," 	47,663 ", 	80 ,8.2%, 	34 ," 	7,865 ", 	84 ,13.5%, 	52 ,13.5%, 	48 , 	201 , 	78 , 	320 , 	87 ,40.7, 	47 , 	65 , 	80 , 	0.3985 , 	8 , 	0.3985 , 	8 ,730.8, 	68 ,121.6, 	17 ," 	183,383 ", 	23 ," 	30,522 ", 	13 ,1.4%, 	89 , 	332 , 	41 ,7.00%
Chatham," 	82,500 ", 	34 ,0.8%, 	34 ,22.6%, 	20 ," 	15,220 ", 	20 ,50.69, 	6 , 	4.94 , 	1 ,16.0%, 	89 ,20.3%, 	68 ,29.6%, 	8 ,21.8%, 	19 ,5.4%, 	76 ," 	4,418 ", 	42 ,114051, 	22 ,7.6%, 	23 ,1076, 	2 ,-3.6%, 	38 , 	0.85 , 	39 , 	0.78 , 	41 , 	0.86 , 	17 , 	0.84 , 	16 ,11.0%, 	6 ," 	1,627 ", 	42 ,958, 	30 ,76%, 	30 ," 	79,769 ", 	1 ,137.27%, 	1 ,1887,47," 	1,824 ", 	48 ,67.7%, 	48 ,107.2%, 	8 ,"$3,376",13, 	34.39 , 	22 ,11.9%, 	33 ,10%, 	15 ,14.9%, 	87 ," 	2,337 ", 	70 ,61%, 	8 ," 	9,628 "," 	13,830 ",12.6%, 	10 ,9.7%, 	9 ,17.0%, 	4 ," 	13,661 ", 	43 ,4.8%, 	7 ," 	2,057 ", 	40 ,12.6%, 	31 ,12.2%, 	18 , 	67 , 	9 , 	50 , 	36 ,33.6, 	30 , 	25 , 	57 , 	0.7250 , 	71 , 	0.6850 , 	59 ,1282.5, 	8 ,103.2, 	22 ," 	187,224 ", 	20 ," 	15,071 ", 	29 ,7.2%, 	37 , 	997 , 	4 ,7.00%
Cherokee," 	29,361 ", 	71 ,0.3%, 	71 ,7.9%, 	44 ," 	2,151 ", 	44 ,52.24, 	2 , 	2.83 , 	8 ,15.7%, 	92 ,17.8%, 	90 ,32.4%, 	4 ,26.9%, 	4 ,9.8%, 	9 ," 	2,878 ", 	56 ,25410, 	85 ,-3.1%, 	51 ,246, 	68 ,-11.2%, 	61 , 	0.79 , 	69 , 	0.74 , 	54 , 	0.80 , 	41 , 	0.77 , 	47 ,24.5%, 	70 ," 	1,107 ", 	28 ,832, 	88 ,66%, 	88 ," 	40,021 ", 	98 ,68.87%, 	98 ,822,75, 	796 , 	74 ,63.4%, 	55 ,53.8%, 	66 ,"$2,434",27, 	7.26 , 	66 ,5.3%, 	2 ,7%, 	9 ,7.6%, 	22 , 	400 , 	17 ,48%, 	29 ," 	2,504 "," 	4,455 ",17.3%, 	86 ,14.7%, 	85 ,34.6%, 	66 ," 	10,074 ", 	32 ,12.3%, 	89 ," 	1,848 ", 	37 ,15.6%, 	82 ,14.8%, 	72 , 	87 , 	23 , 	25 , 	24 ,48.9, 	66 , 	14 , 	31 , 	0.6100 , 	47 , 	0.6100 , 	39 ,868.1, 	43 ,25.3, 	73 ," 	142,317 ", 	42 ," 	4,149 ", 	67 ,3.7%, 	66 , 	134 , 	86 ,7.00%
Chowan," 	13,896 ", 	88 ,0.1%, 	88 ,-3.4%, 	66 , 	(493), 	66 ,42.99, 	46 , 	(1.90), 	97 ,19.9%, 	49 ,21.3%, 	53 ,25.1%, 	24 ,22.2%, 	17 ,5.9%, 	56 , 	820 , 	95 ,73439, 	49 ,37.2%, 	3 ,134, 	84 ,38.1%, 	1 , 	0.81 , 	54 , 	0.69 , 	79 , 	0.70 , 	86 , 	0.71 , 	74 ,25.3%, 	72 , 	684 , 	15 ,904, 	47 ,72%, 	47 ," 	51,005 ", 	34 ,87.77%, 	34 ,589,81, 	577 , 	81 ,120.3%, 	12 ,105.9%, 	9 ,null,null,null,null,9.8%, 	17 ,12%, 	29 ,11.8%, 	57 , 	375 , 	15 ,36%, 	82 ," 	1,141 "," 	1,876 ",16.7%, 	74 ,14.1%, 	75 ,34.7%, 	67 ," 	4,787 ", 	14 ,9.2%, 	58 , 	679 , 	11 ,12.6%, 	31 ,10.9%, 	5 , 	79 , 	19 , 	11 , 	9 ,43, 	52 , 	6 , 	14 , 	0.6950 , 	66 , 	0.6650 , 	54 ,935.5, 	34 ,12.9, 	86 ," 	140,674 ", 	44 ," 	1,942 ", 	88 ,7.8%, 	32 , 	129 , 	87 ,6.75%
Clay," 	11,924 ", 	92 ,0.1%, 	92 ,11.9%, 	48 ," 	1,272 ", 	48 ,51.54, 	3 , 	1.02 , 	52 ,15.9%, 	90 ,17.5%, 	93 ,32.5%, 	2 ,27.7%, 	2 ,7.9%, 	20 , 	941 , 	87 ,14515, 	93 ,15.9%, 	14 ,178, 	79 ,8.5%, 	9 , 	0.79 , 	69 , 	0.77 , 	44 , 	0.76 , 	60 , 	0.74 , 	61 ,23.1%, 	64 , 	401 , 	6 ,883, 	58 ,70%, 	58 ," 	43,753 ", 	86 ,75.29%, 	86 ,216,96, 	213 , 	96 ,148.5%, 	3 ,94.9%, 	18 ,"$1,529",69, 	1.87 , 	86 ,5.3%, 	5 ,7%, 	8 ,10.2%, 	49 , 	187 , 	6 ,54%, 	19 , 	993 ," 	1,376 ",16.3%, 	66 ,14.3%, 	79 ,29.1%, 	37 ," 	3,427 ", 	8 ,9.0%, 	52 , 	524 , 	6 ,17.5%, 	92 ,16.0%, 	86 , 	116 , 	41 , 	13 , 	12 ,17.8, 	3 , 	2 , 	2 , 	0.4300 , 	12 , 	0.4300 , 	11 ,789.3, 	52 ,9.3, 	95 ," 	183,550 ", 	22 ," 	2,165 ", 	83 ,4.4%, 	58 , 	88 , 	97 ,7.00%
Cleveland," 	101,172 ", 	29 ,0.9%, 	29 ,4.2%, 	35 ," 	4,098 ", 	35 ,41.23, 	62 , 	(0.46), 	84 ,20.8%, 	34 ,22.2%, 	41 ,20.0%, 	59 ,17.0%, 	58 ,6.2%, 	50 ," 	6,269 ", 	30 ,104633, 	31 ,-7.7%, 	60 ,872, 	10 ,-13.2%, 	70 , 	0.77 , 	82 , 	0.66 , 	82 , 	0.74 , 	70 , 	0.70 , 	78 ,24.6%, 	71 ," 	5,409 ", 	79 ,979, 	28 ,78%, 	28 ," 	45,126 ", 	73 ,77.66%, 	73 ,4463,25," 	4,212 ", 	26 ,66.4%, 	50 ,74.3%, 	38 ,$681,90, 	10.25 , 	55 ,16.0%, 	61 ,15%, 	59 ,12.8%, 	70 ," 	2,993 ", 	78 ,42%, 	51 ," 	9,814 "," 	13,358 ",16.4%, 	69 ,13.9%, 	72 ,40.1%, 	80 ," 	40,348 ", 	77 ,10.4%, 	74 ," 	6,186 ", 	77 ,13.4%, 	50 ,13.5%, 	48 , 	246 , 	90 , 	241 , 	80 ,36.8, 	40 , 	36 , 	65 , 	0.6875 , 	65 , 	0.6875 , 	60 ,767.2, 	59 ,77.2, 	27 ," 	111,586 ", 	62 ," 	11,225 ", 	34 ,4.6%, 	56 , 	318 , 	44 ,6.75%
Columbus," 	49,935 ", 	51 ,0.5%, 	51 ,-9.7%, 	97 ," 	(5,390)", 	97 ,42.25, 	56 , 	1.42 , 	37 ,20.8%, 	33 ,22.2%, 	40 ,20.9%, 	53 ,17.3%, 	53 ,6.4%, 	42 ," 	3,180 ", 	52 ,125177, 	19 ,-11.3%, 	68 ,447, 	39 ,-13.0%, 	69 , 	0.77 , 	81 , 	0.67 , 	81 , 	0.65 , 	97 , 	0.66 , 	87 ,29.2%, 	85 ," 	2,971 ", 	59 ,876, 	63 ,69%, 	63 ," 	44,109 ", 	83 ,75.91%, 	83 ,1449,61," 	1,505 ", 	60 ,83.2%, 	29 ,83.7%, 	32 ,"$1,364",76, 	10.94 , 	54 ,20.7%, 	95 ,22%, 	94 ,14.0%, 	77 ," 	1,692 ", 	54 ,30%, 	97 ," 	3,633 "," 	5,798 ",17.0%, 	80 ,14.5%, 	83 ,46.3%, 	92 ," 	23,129 ", 	63 ,12.7%, 	91 ," 	3,612 ", 	62 ,14.9%, 	78 ,15.9%, 	84 , 	133 , 	46 , 	74 , 	49 ,41.4, 	49 , 	23 , 	49 , 	0.8050 , 	87 , 	0.8050 , 	83 ,711.0, 	72 ,35.5, 	59 ," 	88,317 ", 	88 ," 	4,413 ", 	65 ,5.6%, 	46 , 	167 , 	82 ,6.75%
Craven," 	105,175 ", 	28 ,1.0%, 	28 ,1.9%, 	46 ," 	1,956 ", 	46 ,37.20, 	92 , 	0.84 , 	58 ,24.3%, 	7 ,24.4%, 	14 ,19.3%, 	73 ,16.7%, 	59 ,12.7%, 	3 ," 	13,377 ", 	12 ,100825, 	33 ,23.9%, 	8 ,292, 	58 ,19.2%, 	2 , 	0.82 , 	47 , 	0.81 , 	22 , 	0.81 , 	34 , 	0.81 , 	26 ,19.1%, 	39 ," 	4,091 ", 	73 ,1021, 	16 ,81%, 	16 ," 	54,327 ", 	26 ,93.49%, 	26 ,4984,23," 	5,083 ", 	22 ,34.9%, 	89 ,43.1%, 	81 ,"$2,046",45, 	25.15 , 	30 ,11.8%, 	31 ,12%, 	26 ,8.0%, 	26 ," 	1,948 ", 	60 ,46%, 	39 ," 	11,117 "," 	13,096 ",14.7%, 	30 ,12.0%, 	31 ,28.4%, 	33 ," 	29,651 ", 	71 ,9.4%, 	61 ," 	5,228 ", 	73 ,11.3%, 	11 ,13.0%, 	39 , 	201 , 	79 , 	205 , 	75 ,88.1, 	98 , 	90 , 	85 , 	0.4448 , 	15 , 	0.4448 , 	15 ,599.9, 	92 ,62.6, 	33 ," 	134,865 ", 	50 ," 	14,076 ", 	31 ,2.2%, 	81 , 	259 , 	58 ,6.75%
Cumberland," 	343,636 ", 	5 ,3.1%, 	5 ,4.1%, 	23 ," 	13,614 ", 	23 ,33.34, 	96 , 	1.23 , 	42 ,26.0%, 	3 ,26.3%, 	6 ,14.9%, 	92 ,11.0%, 	95 ,15.1%, 	2 ," 	51,962 ", 	3 ,65919, 	54 ,-0.1%, 	40 ,327, 	56 ,-2.7%, 	35 , 	0.89 , 	18 , 	0.84 , 	13 , 	0.82 , 	29 , 	0.82 , 	21 ,21.2%, 	49 ," 	17,593 ", 	96 ,1021, 	16 ,81%, 	16 ," 	46,024 ", 	67 ,79.20%, 	67 ,17938,6," 	18,159 ", 	6 ,41.1%, 	83 ,48.3%, 	73 ,"$1,769",57, 	87.53 , 	12 ,12.7%, 	42 ,13%, 	42 ,5.8%, 	6 ," 	5,589 ", 	94 ,47%, 	34 ," 	45,324 "," 	49,125 ",16.3%, 	66 ,14.1%, 	75 ,39.6%, 	79 ," 	135,737 ", 	97 ,10.6%, 	77 ," 	21,149 ", 	97 ,11.2%, 	8 ,11.9%, 	13 , 	190 , 	73 , 	638 , 	95 ,55.4, 	78 , 	186 , 	96 , 	0.7990 , 	86 , 	0.7990 , 	82 ,592.8, 	94 ,203.3, 	11 ," 	74,192 ", 	96 ," 	25,438 ", 	15 ,1.7%, 	88 , 	337 , 	40 ,7.00%
Currituck," 	33,670 ", 	68 ,0.3%, 	68 ,36.5%, 	28 ," 	9,007 ", 	28 ,43.82, 	41 , 	1.10 , 	49 ,19.2%, 	61 ,21.4%, 	51 ,17.9%, 	80 ,14.6%, 	81 ,8.6%, 	15 ," 	2,891 ", 	55 ,37917, 	76 ,-15.4%, 	76 ,87, 	93 ,-2.2%, 	32 , 	0.89 , 	15 , 	0.83 , 	15 , 	0.89 , 	7 , 	0.86 , 	13 ,11.7%, 	9 , 	794 , 	20 ,841, 	85 ,67%, 	85 ," 	59,381 ", 	14 ,102.19%, 	14 ,824,74, 	832 , 	73 ,48.9%, 	73 ,45.9%, 	78 ,"$2,881",19, 	13.04 , 	50 ,9.8%, 	20 ,12%, 	30 ,5.8%, 	8 , 	410 , 	18 ,50%, 	25 ," 	3,500 "," 	5,255 ",12.1%, 	6 ,8.9%, 	3 ,16.6%, 	3 ," 	5,339 ", 	16 ,3.7%, 	1 , 	733 , 	14 ,12.4%, 	27 ,12.0%, 	16 , 	72 , 	12 , 	20 , 	21 ,28.8, 	22 , 	8 , 	23 , 	0.6200 , 	50 , 	0.5600 , 	28 ,1503.2, 	3 ,48.5, 	44 ," 	268,431 ", 	6 ," 	8,654 ", 	43 ,2.9%, 	77 , 	229 , 	63 ,6.75%
Dare," 	37,786 ", 	65 ,0.3%, 	65 ,8.1%, 	41 ," 	2,847 ", 	41 ,46.98, 	16 , 	2.02 , 	16 ,16.7%, 	84 ,19.3%, 	79 ,25.5%, 	21 ,18.5%, 	34 ,8.5%, 	17 ," 	3,204 ", 	51 ,115, 	100 ,-97.8%, 	100 ,18, 	100 ,-43.8%, 	100 , 	0.93 , 	4 , 	0.91 , 	3 , 	0.90 , 	5 , 	0.90 , 	3 ,10.8%, 	5 , 	723 , 	17 ,862, 	70 ,68%, 	70 ," 	76,100 ", 	5 ,130.96%, 	5 ,2593,38," 	2,542 ", 	40 ,156.3%, 	2 ,80.7%, 	33 ,"$5,723",1, 	28.31 , 	25 ,18.5%, 	86 ,13%, 	40 ,6.0%, 	9 , 	461 , 	21 ,56%, 	14 ," 	4,330 "," 	5,359 ",12.3%, 	8 ,10.0%, 	10 ,20.1%, 	7 ," 	7,615 ", 	27 ,5.8%, 	10 ," 	1,284 ", 	27 ,12.3%, 	24 ,13.6%, 	53 , 	46 , 	6 , 	17 , 	17 ,54, 	77 , 	20 , 	41 , 	0.4005 , 	10 , 	0.4005 , 	10 ,1856.7, 	2 ,70.2, 	31 ," 	463,592 ", 	1 ," 	17,524 ", 	25 ,0.0%, 	100 , 	0 , 	100 ,6.75%
Davidson," 	178,071 ", 	16 ,1.6%, 	16 ,9.1%, 	21 ," 	14,790 ", 	21 ,42.13, 	59 , 	0.35 , 	77 ,20.0%, 	43 ,22.4%, 	37 ,19.6%, 	68 ,16.4%, 	60 ,5.5%, 	74 ," 	9,797 ", 	20 ,73655, 	48 ,-20.3%, 	84 ,847, 	12 ,-15.6%, 	78 , 	0.85 , 	38 , 	0.79 , 	34 , 	0.81 , 	36 , 	0.79 , 	37 ,16.1%, 	23 ," 	5,851 ", 	85 ,992, 	26 ,79%, 	26 ," 	48,523 ", 	50 ,83.50%, 	50 ,5014,22," 	4,953 ", 	23 ,34.9%, 	87 ,34.3%, 	92 ,"$1,495",70, 	34.57 , 	21 ,16.7%, 	71 ,16%, 	63 ,11.5%, 	55 ," 	4,591 ", 	86 ,42%, 	54 ," 	16,591 "," 	27,490 ",15.3%, 	39 ,12.7%, 	44 ,29.9%, 	40 ," 	52,726 ", 	85 ,8.4%, 	42 ," 	8,676 ", 	86 ,13.5%, 	52 ,14.5%, 	65 , 	239 , 	87 , 	401 , 	92 ,60.3, 	86 , 	101 , 	89 , 	0.5400 , 	29 , 	0.5400 , 	25 ,572.3, 	97 ,100.8, 	23 ," 	105,979 ", 	71 ," 	18,665 ", 	23 ,3.7%, 	65 , 	574 , 	20 ,7.00%
Davie," 	44,800 ", 	56 ,0.4%, 	56 ,9.2%, 	40 ," 	3,788 ", 	40 ,45.09, 	27 , 	1.50 , 	33 ,18.2%, 	69 ,21.3%, 	55 ,23.0%, 	33 ,18.5%, 	32 ,6.0%, 	55 ," 	2,680 ", 	64 ,74899, 	47 ,-2.6%, 	47 ,594, 	28 ,0.5%, 	25 , 	0.91 , 	11 , 	0.84 , 	14 , 	0.87 , 	14 , 	0.83 , 	18 ,15.1%, 	17 ," 	1,347 ", 	37 ,958, 	30 ,76%, 	30 ," 	60,579 ", 	13 ,104.25%, 	13 ,1417,62," 	1,419 ", 	63 ,94.6%, 	21 ,94.0%, 	19 ,"$2,261",35, 	13.54 , 	47 ,14.3%, 	53 ,15%, 	58 ,10.9%, 	51 ," 	1,001 ", 	41 ,45%, 	40 ," 	4,157 "," 	6,047 ",14.8%, 	32 ,11.9%, 	29 ,24.3%, 	17 ," 	10,750 ", 	35 ,6.8%, 	21 ," 	1,734 ", 	34 ,12.3%, 	24 ,13.4%, 	47 , 	203 , 	81 , 	87 , 	55 ,46.7, 	63 , 	20 , 	41 , 	0.7730 , 	81 , 	0.7730 , 	77 ,999.3, 	24 ,44.3, 	48 ," 	129,271 ", 	55 ," 	5,725 ", 	56 ,9.2%, 	25 , 	440 , 	26 ,6.75%
Duplin," 	49,683 ", 	52 ,0.5%, 	52 ,-9.6%, 	96 ," 	(5,278)", 	96 ,35.84, 	93 , 	(1.45), 	95 ,26.0%, 	4 ,25.8%, 	8 ,15.5%, 	89 ,15.4%, 	74 ,5.7%, 	63 ," 	2,854 ", 	58 ,254164, 	3 ,4.6%, 	27 ,949, 	5 ,15.7%, 	3 , 	0.76 , 	84 , 	0.65 , 	84 , 	0.68 , 	90 , 	0.67 , 	84 ,29.6%, 	88 ," 	3,421 ", 	66 ,883, 	58 ,70%, 	58 ," 	52,760 ", 	29 ,90.79%, 	29 ,2127,44," 	2,186 ", 	44 ,93.1%, 	22 ,64.1%, 	52 ,"$1,057",88, 	10.00 , 	56 ,18.2%, 	78 ,13%, 	43 ,21.1%, 	96 ," 	2,311 ", 	68 ,37%, 	72 ," 	4,083 "," 	6,107 ",16.5%, 	71 ,13.0%, 	48 ,45.2%, 	89 ," 	22,261 ", 	58 ,10.1%, 	71 ," 	2,797 ", 	51 ,19.6%, 	97 ,21.2%, 	99 , 	77 , 	17 , 	45 , 	34 ,25.5, 	16 , 	15 , 	35 , 	0.7350 , 	75 , 	0.7350 , 	68 ,754.1, 	64 ,37.1, 	57 ," 	102,603 ", 	73 ," 	5,049 ", 	60 ,16.6%, 	9 , 	698 , 	14 ,7.00%
Durham," 	340,727 ", 	6 ,3.1%, 	6 ,15.7%, 	7 ," 	46,239 ", 	7 ,35.43, 	95 , 	1.69 , 	30 ,22.3%, 	16 ,22.6%, 	33 ,14.0%, 	96 ,10.9%, 	96 ,4.4%, 	97 ," 	14,981 ", 	9 ,16166, 	92 ,-13.1%, 	74 ,212, 	74 ,-12.0%, 	64 , 	0.92 , 	9 , 	0.87 , 	8 , 	0.89 , 	10 , 	0.86 , 	12 ,17.0%, 	30 ," 	10,753 ", 	95 ,1767, 	1 ,140%, 	1 ," 	59,070 ", 	15 ,101.65%, 	15 ,39751,3," 	38,590 ", 	3 ,29.8%, 	95 ,31.8%, 	94 ,"$4,903",3, 	187.95 , 	4 ,9.7%, 	16 ,8%, 	11 ,8.7%, 	30 ," 	9,075 ", 	96 ,72%, 	3 ," 	75,574 "," 	73,098 ",12.2%, 	7 ,9.6%, 	8 ,25.6%, 	22 ," 	86,458 ", 	95 ,6.1%, 	13 ," 	12,749 ", 	95 ,12.5%, 	29 ,13.5%, 	48 , 	188 , 	69 , 	605 , 	94 ,41.1, 	48 , 	132 , 	93 , 	0.7987 , 	85 , 	0.7522 , 	74 ,1147.1, 	13 ,386.9, 	4 ," 	152,505 ", 	34 ," 	51,441 ", 	4 ,0.5%, 	97 , 	204 , 	70 ,7.50%
Edgecombe," 	47,637 ", 	53 ,0.4%, 	53 ,-11.5%, 	99 ," 	(6,177)", 	99 ,44.45, 	31 , 	2.59 , 	10 ,22.8%, 	11 ,23.6%, 	19 ,24.1%, 	29 ,17.2%, 	55 ,5.7%, 	65 ," 	2,705 ", 	63 ,145050, 	12 ,-2.6%, 	46 ,243, 	69 ,-2.4%, 	33 , 	0.76 , 	87 , 	0.64 , 	87 , 	0.70 , 	84 , 	0.64 , 	92 ,31.8%, 	93 ," 	3,407 ", 	65 ,888, 	54 ,70%, 	54 ," 	43,507 ", 	87 ,74.87%, 	87 ,1624,56," 	1,589 ", 	56 ,52.8%, 	66 ,59.6%, 	57 ,"$2,093",43, 	12.76 , 	51 ,18.4%, 	82 ,17%, 	75 ,11.9%, 	58 ," 	1,351 ", 	47 ,35%, 	86 ," 	3,957 "," 	5,762 ",16.4%, 	69 ,14.3%, 	79 ,55.9%, 	98 ," 	26,817 ", 	69 ,18.2%, 	100 ," 	4,416 ", 	69 ,11.2%, 	8 ,11.4%, 	7 , 	134 , 	47 , 	69 , 	45 ,50.5, 	72 , 	26 , 	58 , 	0.8900 , 	96 , 	0.9500 , 	97 ,701.9, 	74 ,33.7, 	62 ," 	73,889 ", 	97 ," 	3,543 ", 	74 ,12.1%, 	19 , 	322 , 	43 ,7.00%
Forsyth," 	396,317 ", 	4 ,3.6%, 	4 ,8.8%, 	10 ," 	32,110 ", 	10 ,38.08, 	86 , 	0.70 , 	63 ,21.4%, 	26 ,23.5%, 	20 ,17.6%, 	85 ,14.4%, 	85 ,4.7%, 	91 ," 	18,568 ", 	6 ,32956, 	81 ,-5.3%, 	54 ,482, 	37 ,-13.5%, 	73 , 	0.87 , 	26 , 	0.81 , 	24 , 	0.83 , 	24 , 	0.81 , 	29 ,21.6%, 	55 ," 	18,471 ", 	97 ,1225, 	5 ,97%, 	5 ," 	57,781 ", 	18 ,99.44%, 	18 ,26512,5," 	25,844 ", 	5 ,32.8%, 	92 ,30.2%, 	95 ,"$2,999",17, 	163.40 , 	5 ,12.4%, 	37 ,12%, 	25 ,10.6%, 	50 ," 	10,251 ", 	97 ,55%, 	16 ," 	53,428 "," 	70,763 ",14.5%, 	26 ,11.6%, 	23 ,30.8%, 	45 ," 	121,242 ", 	96 ,8.4%, 	41 ," 	19,382 ", 	96 ,12.9%, 	41 ,12.2%, 	18 , 	192 , 	75 , 	732 , 	97 ,48.7, 	65 , 	186 , 	96 , 	0.6778 , 	64 , 	0.6778 , 	57 ,784.1, 	54 ,308.4, 	5 ," 	115,683 ", 	60 ," 	45,498 ", 	8 ,0.8%, 	94 , 	296 , 	47 ,7.00%
Franklin," 	80,236 ", 	36 ,0.7%, 	36 ,29.5%, 	19 ," 	18,271 ", 	19 ,42.23, 	58 , 	1.65 , 	32 ,20.3%, 	39 ,23.0%, 	27 ,19.4%, 	72 ,14.9%, 	77 ,5.2%, 	80 ," 	4,151 ", 	44 ,107923, 	27 ,-0.0%, 	39 ,518, 	35 ,-3.7%, 	39 , 	0.87 , 	27 , 	0.79 , 	37 , 	0.80 , 	43 , 	0.78 , 	42 ,15.7%, 	22 ," 	2,468 ", 	51 ,1027, 	15 ,81%, 	15 ," 	46,330 ", 	66 ,79.73%, 	66 ,1784,53," 	1,755 ", 	52 ,44.6%, 	81 ,45.7%, 	79 ,"$2,324",30, 	25.33 , 	29 ,14.3%, 	51 ,18%, 	81 ,13.0%, 	71 ," 	2,189 ", 	65 ,47%, 	33 ," 	7,942 "," 	12,495 ",12.6%, 	10 ,10.3%, 	13 ,27.0%, 	26 ," 	20,822 ", 	53 ,6.5%, 	17 ," 	2,900 ", 	52 ,13.1%, 	45 ,14.6%, 	68 , 	103 , 	33 , 	72 , 	48 ,43.1, 	53 , 	30 , 	60 , 	0.5050 , 	23 , 	0.7850 , 	79 ,781.4, 	56 ,60.2, 	36 ," 	99,536 ", 	76 ," 	7,675 ", 	47 ,6.8%, 	39 , 	431 , 	28 ,6.75%
Gaston," 	243,242 ", 	11 ,2.2%, 	11 ,15.0%, 	11 ," 	31,688 ", 	11 ,40.89, 	66 , 	0.86 , 	57 ,21.0%, 	30 ,23.1%, 	26 ,17.4%, 	87 ,14.8%, 	78 ,5.5%, 	71 ," 	13,440 ", 	11 ,36859, 	77 ,-2.2%, 	44 ,412, 	45 ,-21.1%, 	84 , 	0.86 , 	34 , 	0.80 , 	30 , 	0.80 , 	38 , 	0.77 , 	44 ,16.8%, 	29 ," 	8,555 ", 	93 ,995, 	25 ,79%, 	25 ," 	49,674 ", 	40 ,85.48%, 	40 ,8021,16," 	7,897 ", 	16 ,68.6%, 	45 ,66.7%, 	47 ,"$1,551",68, 	53.00 , 	15 ,14.6%, 	58 ,14%, 	53 ,7.9%, 	23 ," 	4,701 ", 	89 ,50%, 	26 ," 	29,411 "," 	35,691 ",14.4%, 	25 ,12.3%, 	36 ,32.4%, 	54 ," 	77,960 ", 	94 ,8.7%, 	48 ," 	12,640 ", 	94 ,12.4%, 	27 ,12.9%, 	36 , 	290 , 	97 , 	652 , 	96 ,67.7, 	91 , 	152 , 	95 , 	0.5990 , 	45 , 	0.6100 , 	39 ,840.1, 	46 ,202.4, 	12 ," 	137,718 ", 	47 ," 	33,174 ", 	11 ,0.8%, 	95 , 	217 , 	66 ,7.00%
Gates," 	10,534 ", 	95 ,0.1%, 	95 ,-7.2%, 	72 , 	(816), 	72 ,42.82, 	47 , 	(0.59), 	86 ,17.7%, 	74 ,20.1%, 	70 ,22.8%, 	35 ,17.8%, 	47 ,7.4%, 	25 , 	781 , 	97 ,71866, 	50 ,23.9%, 	7 ,122, 	88 ,-13.5%, 	74 , 	0.74 , 	93 , 	0.73 , 	59 , 	0.81 , 	32 , 	0.76 , 	50 ,19.5%, 	40 , 	381 , 	5 ,836, 	87 ,66%, 	87 ," 	49,850 ", 	39 ,85.79%, 	39 ,184,97, 	201 , 	97 ,109.1%, 	15 ,141.4%, 	2 ,"$2,103",42, 	2.95 , 	81 ,9.8%, 	18 ,13%, 	33 ,6.2%, 	12 , 	134 , 	3 ,28%, 	98 , 	602 ," 	1,710 ",14.3%, 	23 ,11.6%, 	23 ,26.8%, 	25 ," 	2,813 ", 	4 ,6.0%, 	12 , 	361 , 	4 ,11.1%, 	6 ,10.7%, 	3 , 	35 , 	1 , 	4 , 	3 ,34.6, 	33 , 	4 , 	7 , 	0.8400 , 	91 , 	0.8400 , 	90 ,815.7, 	49 ,8.6, 	98 ," 	97,111 ", 	79 ," 	1,019 ", 	98 ,20.2%, 	4 , 	194 , 	74 ,6.75%
Graham," 	7,718 ", 	98 ,0.1%, 	98 ,-9.2%, 	70 , 	(780), 	70 ,43.97, 	37 , 	(1.07), 	92 ,21.1%, 	27 ,21.6%, 	48 ,25.9%, 	19 ,22.7%, 	16 ,5.1%, 	85 , 	391 , 	98 ,2256, 	98 ,-79.5%, 	99 ,70, 	97 ,-43.1%, 	99 , 	0.73 , 	94 , 	0.57 , 	98 , 	0.63 , 	98 , 	0.60 , 	97 ,22.7%, 	58 , 	348 , 	4 ,882, 	60 ,70%, 	60 ," 	41,336 ", 	93 ,71.14%, 	93 ,229,94, 	232 , 	94 ,47.8%, 	74 ,84.4%, 	30 ,"$1,265",84, 	1.36 , 	90 ,12.7%, 	44 ,15%, 	61 ,14.0%, 	79 , 	247 , 	9 ,34%, 	89 , 	594 ," 	1,248 ",16.8%, 	78 ,15.0%, 	90 ,43.7%, 	87 ," 	3,371 ", 	6 ,14.9%, 	96 , 	625 , 	10 ,19.8%, 	98 ,18.3%, 	94 , 	119 , 	42 , 	10 , 	6 ,23.7, 	10 , 	2 , 	2 , 	0.5900 , 	41 , 	0.5900 , 	34 ,1287.5, 	7 ,9.9, 	94 ," 	218,224 ", 	12 ," 	1,683 ", 	93 ,3.3%, 	70 , 	51 , 	99 ,7.00%
Granville," 	62,881 ", 	46 ,0.6%, 	46 ,9.0%, 	33 ," 	5,175 ", 	33 ,43.94, 	39 , 	2.33 , 	13 ,18.1%, 	71 ,20.6%, 	66 ,19.7%, 	64 ,14.7%, 	79 ,4.8%, 	88 ," 	3,039 ", 	53 ,102115, 	32 ,-18.2%, 	79 ,483, 	36 ,-13.3%, 	71 , 	0.87 , 	24 , 	0.80 , 	32 , 	0.84 , 	23 , 	0.80 , 	30 ,15.3%, 	18 ," 	1,840 ", 	43 ,1075, 	12 ,85%, 	12 ," 	46,906 ", 	61 ,80.72%, 	61 ,3309,31," 	3,214 ", 	31 ,58.1%, 	61 ,77.0%, 	34 ,"$2,272",34, 	19.00 , 	36 ,17.2%, 	76 ,18%, 	86 ,14.4%, 	83 ," 	2,126 ", 	64 ,44%, 	41 ," 	6,566 "," 	10,737 ",13.2%, 	15 ,10.2%, 	11 ,27.6%, 	29 ," 	17,151 ", 	48 ,5.7%, 	8 ," 	2,185 ", 	42 ,12.1%, 	19 ,13.1%, 	41 , 	124 , 	43 , 	75 , 	50 ,39.7, 	44 , 	24 , 	53 , 	0.6310 , 	56 , 	0.8400 , 	90 ,731.4, 	67 ,45.5, 	46 ," 	87,069 ", 	91 ," 	5,418 ", 	58 ,8.8%, 	29 , 	391 , 	34 ,6.75%
Greene," 	19,939 ", 	79 ,0.2%, 	79 ,-4.3%, 	75 , 	(895), 	75 ,42.54, 	51 , 	3.12 , 	7 ,19.7%, 	50 ,22.5%, 	34 ,19.6%, 	66 ,14.4%, 	86 ,4.6%, 	92 , 	920 , 	90 ,97668, 	35 ,17.2%, 	13 ,210, 	75 ,1.4%, 	21 , 	0.79 , 	74 , 	0.73 , 	60 , 	0.72 , 	75 , 	0.73 , 	64 ,35.2%, 	99 ," 	1,337 ", 	36 ,850, 	79 ,67%, 	79 ," 	38,963 ", 	99 ,67.05%, 	99 ,420,86, 	457 , 	85 ,68.9%, 	43 ,64.2%, 	51 ,"$1,084",87, 	2.89 , 	82 ,16.8%, 	74 ,20%, 	91 ,23.2%, 	98 ," 	1,360 ", 	48 ,30%, 	96 ," 	1,782 "," 	2,054 ",17.0%, 	80 ,13.6%, 	64 ,33.4%, 	61 ," 	6,668 ", 	20 ,9.4%, 	63 ," 	1,135 ", 	21 ,20.5%, 	100 ,20.6%, 	98 , 	138 , 	49 , 	29 , 	28 ,23.7, 	10 , 	5 , 	10 , 	0.7860 , 	84 , 	0.7860 , 	81 ,542.6, 	99 ,10.8, 	92 ," 	69,031 ", 	100 ," 	1,376 ", 	95 ,19.7%, 	5 , 	230 , 	61 ,7.00%
Guilford," 	553,023 ", 	3 ,5.0%, 	3 ,7.9%, 	8 ," 	40,463 ", 	8 ,38.24, 	85 , 	1.49 , 	35 ,20.1%, 	42 ,22.4%, 	38 ,17.4%, 	88 ,13.7%, 	87 ,4.8%, 	90 ," 	26,415 ", 	5 ,94798, 	37 ,24.2%, 	6 ,775, 	15 ,-9.3%, 	54 , 	0.87 , 	21 , 	0.76 , 	47 , 	0.85 , 	20 , 	0.81 , 	25 ,21.2%, 	49 ," 	24,655 ", 	99 ,1137, 	7 ,90%, 	7 ," 	55,008 ", 	23 ,94.66%, 	23 ,34425,4," 	34,071 ", 	4 ,71.4%, 	40 ,69.7%, 	44 ,"$3,432",11, 	260.23 , 	3 ,9.5%, 	15 ,10%, 	17 ,9.2%, 	41 ," 	12,782 ", 	98 ,58%, 	13 ," 	79,734 "," 	112,787 ",13.7%, 	19 ,11.0%, 	17 ,32.3%, 	53 ," 	177,878 ", 	98 ,8.8%, 	49 ," 	29,218 ", 	98 ,11.8%, 	16 ,11.9%, 	13 , 	191 , 	74 ," 	1,027 ", 	98 ,42.4, 	51 , 	228 , 	98 , 	0.7305 , 	74 , 	0.7305 , 	67 ,952.9, 	29 ,524.5, 	3 ," 	130,449 ", 	54 ," 	71,806 ", 	3 ,1.0%, 	93 , 	611 , 	17 ,6.75%
Halifax," 	46,342 ", 	54 ,0.4%, 	54 ,-10.7%, 	98 ," 	(5,576)", 	98 ,45.30, 	25 , 	1.49 , 	34 ,20.8%, 	31 ,21.9%, 	44 ,24.3%, 	28 ,18.5%, 	35 ,6.2%, 	52 ," 	2,866 ", 	57 ,183565, 	5 ,-12.2%, 	71 ,220, 	73 ,-34.5%, 	97 , 	0.67 , 	97 , 	0.58 , 	97 , 	0.66 , 	95 , 	0.65 , 	90 ,28.0%, 	80 ," 	2,826 ", 	56 ,843, 	84 ,67%, 	84 ," 	44,768 ", 	76 ,77.04%, 	76 ,1403,64," 	1,429 ", 	62 ,52.8%, 	65 ,59.0%, 	62 ,$898,89, 	5.69 , 	71 ,25.0%, 	98 ,25%, 	98 ,12.4%, 	64 ," 	1,390 ", 	49 ,34%, 	87 ," 	3,798 "," 	4,692 ",17.6%, 	90 ,16.0%, 	94 ,47.0%, 	95 ," 	21,975 ", 	55 ,12.5%, 	90 ," 	3,222 ", 	57 ,12.8%, 	39 ,14.0%, 	59 , 	102 , 	30 , 	51 , 	37 ,40, 	46 , 	20 , 	41 , 	0.7000 , 	67 , 	0.7600 , 	75 ,701.5, 	75 ,32.8, 	64 ," 	92,297 ", 	85 ," 	4,318 ", 	66 ,12.7%, 	17 , 	402 , 	31 ,7.00%
Harnett," 	145,438 ", 	23 ,1.3%, 	23 ,16.8%, 	16 ," 	20,909 ", 	16 ,35.57, 	94 , 	1.24 , 	41 ,25.3%, 	5 ,27.2%, 	4 ,14.3%, 	95 ,11.7%, 	91 ,8.5%, 	16 ," 	12,361 ", 	14 ,109179, 	25 ,2.7%, 	30 ,563, 	30 ,-12.4%, 	67 , 	0.81 , 	49 , 	0.79 , 	34 , 	0.82 , 	31 , 	0.82 , 	20 ,16.6%, 	28 ," 	5,732 ", 	84 ,858, 	72 ,68%, 	72 ," 	44,192 ", 	82 ,76.05%, 	82 ,2716,36," 	2,723 ", 	36 ,45.6%, 	80 ,37.7%, 	88 ,"$1,401",75, 	28.12 , 	26 ,12.7%, 	43 ,14%, 	54 ,9.2%, 	42 ," 	3,647 ", 	82 ,46%, 	36 ," 	18,271 "," 	24,501 ",14.9%, 	34 ,12.2%, 	34 ,30.0%, 	41 ," 	42,492 ", 	78 ,7.6%, 	26 ," 	6,365 ", 	78 ,12.6%, 	31 ,12.5%, 	26 , 	188 , 	68 , 	255 , 	82 ,44.9, 	57 , 	61 , 	79 , 	0.5910 , 	42 , 	0.5910 , 	35 ,647.8, 	85 ,91.7, 	25 ," 	109,614 ", 	66 ," 	15,511 ", 	28 ,7.0%, 	38 , 	977 , 	6 ,7.00%
Haywood," 	64,109 ", 	45 ,0.6%, 	45 ,8.1%, 	34 ," 	4,818 ", 	34 ,48.58, 	11 , 	1.68 , 	31 ,17.0%, 	80 ,18.5%, 	86 ,27.2%, 	14 ,23.7%, 	12 ,7.8%, 	22 ," 	4,983 ", 	36 ,49288, 	70 ,-5.7%, 	56 ,567, 	29 ,4.8%, 	15 , 	0.80 , 	60 , 	0.72 , 	67 , 	0.76 , 	62 , 	0.75 , 	55 ,18.5%, 	34 ," 	1,976 ", 	47 ,900, 	50 ,71%, 	50 ," 	50,894 ", 	35 ,87.58%, 	35 ,1957,46," 	1,920 ", 	45 ,53.0%, 	64 ,48.4%, 	72 ,"$2,456",26, 	17.40 , 	38 ,12.8%, 	46 ,13%, 	45 ,9.6%, 	45 ," 	1,334 ", 	43 ,50%, 	24 ," 	6,953 "," 	10,766 ",15.3%, 	39 ,12.9%, 	47 ,29.4%, 	38 ," 	18,725 ", 	50 ,7.9%, 	30 ," 	2,719 ", 	47 ,13.4%, 	50 ,12.8%, 	33 , 	108 , 	35 , 	67 , 	43 ,56.2, 	80 , 	35 , 	64 , 	0.5500 , 	30 , 	0.5500 , 	26 ,880.7, 	41 ,56.1, 	41 ," 	160,120 ", 	30 ," 	10,200 ", 	37 ,4.3%, 	60 , 	377 , 	36 ,7.00%
Henderson," 	121,587 ", 	24 ,1.1%, 	24 ,10.7%, 	26 ," 	11,790 ", 	26 ,49.12, 	9 , 	2.73 , 	9 ,17.0%, 	81 ,19.9%, 	72 ,29.1%, 	9 ,24.7%, 	10 ,6.7%, 	34 ," 	8,110 ", 	26 ,32743, 	82 ,-20.3%, 	85 ,520, 	34 ,14.3%, 	4 , 	0.88 , 	20 , 	0.82 , 	19 , 	0.85 , 	21 , 	0.81 , 	27 ,16.2%, 	24 ," 	3,396 ", 	64 ,1009, 	20 ,80%, 	20 ," 	55,243 ", 	21 ,95.07%, 	21 ,4386,26," 	4,230 ", 	25 ,27.7%, 	97 ,49.0%, 	71 ,"$2,476",25, 	33.13 , 	23 ,11.0%, 	26 ,10%, 	19 ,9.3%, 	44 ," 	2,348 ", 	71 ,48%, 	31 ," 	11,983 "," 	17,717 ",14.6%, 	28 ,11.2%, 	19 ,21.8%, 	11 ," 	26,263 ", 	68 ,6.3%, 	14 ," 	3,914 ", 	67 ,13.7%, 	57 ,15.0%, 	75 , 	125 , 	44 , 	147 , 	67 ,36.6, 	38 , 	43 , 	73 , 	0.4310 , 	13 , 	0.4310 , 	12 ,878.9, 	42 ,105.6, 	21 ," 	203,912 ", 	15 ," 	24,512 ", 	17 ,2.0%, 	85 , 	432 , 	27 ,6.75%
Hertford," 	19,564 ", 	81 ,0.2%, 	81 ,-17.5%, 	92 ," 	(4,159)", 	92 ,40.22, 	71 , 	(1.08), 	93 ,19.6%, 	52 ,20.2%, 	69 ,21.8%, 	45 ,17.4%, 	51 ,6.2%, 	51 ," 	1,210 ", 	84 ,67209, 	52 ,-16.9%, 	77 ,97, 	91 ,-23.0%, 	87 , 	0.76 , 	83 , 	0.65 , 	86 , 	0.70 , 	85 , 	0.68 , 	83 ,35.1%, 	98 ," 	1,268 ", 	34 ,914, 	39 ,72%, 	39 ," 	41,529 ", 	92 ,71.47%, 	92 ,825,73, 	834 , 	72 ,89.4%, 	24 ,109.5%, 	6 ,"$1,867",53, 	4.25 , 	75 ,25.0%, 	99 ,27%, 	100 ,10.1%, 	48 , 	505 , 	23 ,35%, 	83 ," 	1,760 "," 	2,685 ",15.6%, 	46 ,13.2%, 	55 ,43.7%, 	86 ," 	8,620 ", 	30 ,13.1%, 	92 ," 	1,411 ", 	30 ,11.9%, 	18 ,12.4%, 	24 , 	42 , 	4 , 	10 , 	6 ,29.6, 	24 , 	7 , 	18 , 	0.8400 , 	91 , 	0.8400 , 	90 ,775.3, 	57 ,15.3, 	81 ," 	92,300 ", 	84 ," 	1,821 ", 	90 ,13.0%, 	15 , 	168 , 	81 ,7.00%
Hoke," 	56,269 ", 	49 ,0.5%, 	49 ,12.6%, 	31 ," 	6,308 ", 	31 ,32.94, 	97 , 	0.44 , 	74 ,29.8%, 	2 ,31.0%, 	1 ,11.6%, 	99 ,8.6%, 	99 ,11.6%, 	4 ," 	6,553 ", 	29 ,36788, 	78 ,-31.4%, 	94 ,185, 	78 ,-2.1%, 	31 , 	0.87 , 	28 , 	0.80 , 	29 , 	0.81 , 	33 , 	0.80 , 	31 ,20.2%, 	42 ," 	2,860 ", 	57 ,845, 	81 ,67%, 	81 ," 	41,181 ", 	94 ,70.87%, 	94 ,1163,68," 	1,110 ", 	68 ,84.1%, 	28 ,65.0%, 	49 ,null,null,null,null,16.2%, 	64 ,17%, 	77 ,9.8%, 	46 ," 	1,608 ", 	53 ,44%, 	43 ," 	7,180 "," 	9,898 ",15.7%, 	50 ,13.3%, 	58 ,36.9%, 	74 ," 	20,456 ", 	52 ,9.8%, 	67 ," 	3,165 ", 	56 ,13.9%, 	63 ,15.4%, 	79 , 	112 , 	37 , 	62 , 	42 ,41.6, 	50 , 	23 , 	49 , 	0.7300 , 	72 , 	0.7300 , 	64 ,636.2, 	87 ,35.3, 	60 ," 	87,151 ", 	90 ," 	4,830 ", 	62 ,4.5%, 	57 , 	180 , 	78 ,6.75%
Hyde," 	4,490 ", 	99 ,0.0%, 	99 ,-17.1%, 	76 , 	(929), 	76 ,46.39, 	18 , 	3.64 , 	4 ,16.6%, 	87 ,17.4%, 	95 ,24.7%, 	25 ,17.1%, 	57 ,4.9%, 	87 , 	220 , 	100 ,112445, 	23 ,-10.0%, 	64 ,123, 	87 ,-10.9%, 	60 , 	0.71 , 	95 , 	0.56 , 	99 , 	0.63 , 	100 , 	0.59 , 	100 ,28.3%, 	83 , 	198 , 	1 ,781, 	95 ,62%, 	95 ," 	48,593 ", 	48 ,83.62%, 	48 ,178,98, 	182 , 	98 ,68.8%, 	44 ,95.5%, 	17 ,"$3,821",5, 	1.71 , 	87 ,18.7%, 	91 ,15%, 	56 ,24.1%, 	99 , 	288 , 	12 ,35%, 	85 , 	416 , 	354 ,21.6%, 	100 ,14.9%, 	87 ,31.6%, 	51 ," 	1,435 ", 	2 ,9.0%, 	54 , 	236 , 	2 ,19.5%, 	96 ,17.5%, 	92 , 	41 , 	2 , 	2 , 	1 ,20.3, 	4 , 	1 , 	1 , 	0.9200 , 	97 , 	1.0450 , 	100 ,2248.7, 	1 ,10.2, 	93 ," 	215,188 ", 	13 , 	978 , 	99 ,19.2%, 	6 , 	197 , 	73 ,6.75%
Iredell," 	207,682 ", 	14 ,1.9%, 	14 ,23.6%, 	9 ," 	39,622 ", 	9 ,42.26, 	55 , 	1.88 , 	22 ,19.4%, 	56 ,23.4%, 	23 ,17.8%, 	81 ,14.4%, 	84 ,4.6%, 	93 ," 	9,551 ", 	21 ,119481, 	20 ,-10.4%, 	66 ,894, 	7 ,-15.3%, 	77 , 	0.92 , 	8 , 	0.83 , 	16 , 	0.87 , 	16 , 	0.85 , 	15 ,12.1%, 	10 ," 	5,122 ", 	76 ,1198, 	6 ,95%, 	6 ," 	64,437 ", 	7 ,110.89%, 	7 ,10582,9," 	10,429 ", 	9 ,51.3%, 	70 ,38.4%, 	85 ,"$2,314",32, 	72.02 , 	13 ,12.2%, 	35 ,13%, 	34 ,8.8%, 	32 ," 	4,068 ", 	83 ,54%, 	18 ," 	25,198 "," 	36,127 ",12.8%, 	13 ,10.2%, 	11 ,24.0%, 	16 ," 	48,650 ", 	82 ,6.0%, 	11 ," 	7,385 ", 	82 ,11.7%, 	12 ,12.6%, 	29 , 	146 , 	51 , 	265 , 	83 ,26.4, 	18 , 	48 , 	75 , 	0.5000 , 	21 , 	0.5000 , 	21 ,1007.2, 	22 ,204.2, 	10 ," 	201,437 ", 	17 ," 	40,848 ", 	9 ,3.1%, 	74 ," 	1,099 ", 	3 ,6.75%
Jackson," 	43,308 ", 	59 ,0.4%, 	59 ,6.1%, 	43 ," 	2,495 ", 	43 ,38.86, 	81 , 	2.20 , 	15 ,15.8%, 	91 ,17.6%, 	92 ,21.8%, 	46 ,17.9%, 	46 ,6.5%, 	38 ," 	2,828 ", 	60 ,22208, 	88 ,41.2%, 	2 ,236, 	72 ,9.8%, 	7 , 	0.76 , 	84 , 	0.71 , 	68 , 	0.77 , 	57 , 	0.76 , 	48 ,18.6%, 	36 ," 	1,263 ", 	32 ,896, 	53 ,71%, 	53 ," 	44,870 ", 	75 ,77.22%, 	75 ,1629,55," 	1,629 ", 	55 ,37.7%, 	86 ,23.7%, 	99 ,"$2,549",24, 	9.42 , 	61 ,5.3%, 	4 ,9%, 	13 ,14.9%, 	86 ," 	1,341 ", 	44 ,43%, 	48 ," 	3,886 "," 	8,264 ",17.0%, 	80 ,14.1%, 	75 ,26.2%, 	24 ," 	11,307 ", 	37 ,8.9%, 	50 ," 	2,294 ", 	44 ,18.0%, 	94 ,20.2%, 	97 , 	102 , 	31 , 	45 , 	34 ,52.3, 	74 , 	23 , 	49 , 	0.3800 , 	7 , 	0.3800 , 	7 ,1078.7, 	17 ,46.6, 	45 ," 	283,873 ", 	5 ," 	12,274 ", 	33 ,2.8%, 	78 , 	325 , 	42 ,7.00%
Johnston," 	249,714 ", 	9 ,2.3%, 	9 ,37.6%, 	3 ," 	68,170 ", 	3 ,39.55, 	77 , 	1.69 , 	29 ,22.0%, 	20 ,26.4%, 	5 ,14.7%, 	94 ,12.0%, 	90 ,5.2%, 	79 ," 	13,058 ", 	13 ,174111, 	6 ,-5.0%, 	53 ,964, 	4 ,-9.3%, 	55 , 	0.83 , 	43 , 	0.78 , 	40 , 	0.85 , 	19 , 	0.84 , 	17 ,13.6%, 	13 ," 	7,690 ", 	90 ,1007, 	22 ,80%, 	22 ," 	49,672 ", 	41 ,85.48%, 	41 ,7726,17," 	7,502 ", 	17 ,32.3%, 	93 ,29.6%, 	97 ,"$2,211",38, 	88.50 , 	11 ,13.9%, 	49 ,13%, 	39 ,9.2%, 	40 ," 	5,290 ", 	92 ,52%, 	21 ," 	29,790 "," 	40,244 ",12.7%, 	12 ,10.5%, 	15 ,27.6%, 	30 ," 	66,475 ", 	92 ,5.8%, 	9 ," 	8,712 ", 	87 ,12.9%, 	41 ,12.6%, 	29 , 	115 , 	40 , 	240 , 	79 ,33, 	28 , 	69 , 	83 , 	0.6700 , 	63 , 	0.6900 , 	61 ,787.3, 	53 ,189.6, 	14 ," 	114,102 ", 	61 ," 	27,475 ", 	14 ,4.3%, 	61 , 	937 , 	8 ,6.75%
Jones," 	9,098 ", 	97 ,0.1%, 	97 ,-8.2%, 	73 , 	(817), 	73 ,42.39, 	53 , 	(1.51), 	96 ,19.3%, 	59 ,20.4%, 	67 ,24.3%, 	27 ,19.4%, 	27 ,9.4%, 	10 , 	851 , 	93 ,66287, 	53 ,1.0%, 	35 ,126, 	86 ,-28.8%, 	94 , 	0.74 , 	92 , 	0.59 , 	94 , 	0.72 , 	74 , 	0.67 , 	85 ,27.4%, 	77 , 	453 , 	7 ,888, 	54 ,70%, 	54 ," 	48,585 ", 	49 ,83.61%, 	49 ,220,95, 	224 , 	95 ,124.0%, 	8 ,116.4%, 	5 ,"$1,730",61, 	1.70 , 	88 ,20.0%, 	93 ,17%, 	73 ,12.6%, 	66 , 	239 , 	8 ,37%, 	74 , 	700 ," 	1,051 ",16.0%, 	57 ,14.9%, 	87 ,37.3%, 	76 ," 	3,390 ", 	7 ,9.5%, 	66 , 	484 , 	5 ,16.8%, 	88 ,17.0%, 	89 , 	276 , 	94 , 	26 , 	25 ,63.7, 	89 , 	6 , 	14 , 	0.7400 , 	77 , 	0.7400 , 	71 ,943.3, 	32 ,8.6, 	97 ," 	127,469 ", 	56 ," 	1,159 ", 	96 ,20.9%, 	2 , 	230 , 	62 ,7.00%
Lee," 	67,613 ", 	41 ,0.6%, 	41 ,13.7%, 	29 ," 	8,126 ", 	29 ,39.26, 	80 , 	1.34 , 	39 ,22.5%, 	14 ,25.0%, 	10 ,18.6%, 	78 ,15.3%, 	75 ,6.6%, 	36 ," 	4,461 ", 	40 ,31204, 	83 ,-11.3%, 	69 ,264, 	63 ,5.6%, 	11 , 	0.75 , 	89 , 	0.74 , 	56 , 	0.80 , 	40 , 	0.79 , 	38 ,23.8%, 	66 ," 	3,574 ", 	68 ,1003, 	23 ,79%, 	23 ," 	49,622 ", 	42 ,85.39%, 	42 ,2816,34," 	2,784 ", 	34 ,71.2%, 	41 ,69.3%, 	45 ,"$1,952",50, 	20.13 , 	35 ,11.9%, 	34 ,10%, 	16 ,14.0%, 	75 ," 	2,281 ", 	67 ,43%, 	47 ," 	7,029 "," 	10,102 ",16.3%, 	66 ,13.1%, 	50 ,31.6%, 	52 ," 	21,060 ", 	54 ,8.3%, 	38 ," 	3,130 ", 	54 ,16.0%, 	83 ,15.6%, 	83 , 	236 , 	86 , 	146 , 	66 ,61.5, 	87 , 	38 , 	69 , 	0.6500 , 	58 , 	0.6500 , 	48 ,926.2, 	35 ,61.7, 	34 ," 	142,493 ", 	41 ," 	9,495 ", 	40 ,5.3%, 	49 , 	378 , 	35 ,7.00%
Lenoir," 	53,509 ", 	50 ,0.5%, 	50 ,-7.3%, 	94 ," 	(4,197)", 	94 ,41.88, 	60 , 	(0.17), 	81 ,21.5%, 	24 ,22.9%, 	28 ,22.3%, 	41 ,17.9%, 	45 ,7.9%, 	21 ," 	4,213 ", 	43 ,136277, 	15 ,19.8%, 	11 ,352, 	52 ,-8.8%, 	52 , 	0.78 , 	76 , 	0.75 , 	49 , 	0.72 , 	76 , 	0.73 , 	68 ,31.7%, 	92 ," 	3,829 ", 	72 ,929, 	34 ,74%, 	34 ," 	51,039 ", 	33 ,87.83%, 	33 ,2867,33," 	2,794 ", 	33 ,39.9%, 	84 ,37.7%, 	87 ,"$1,198",86, 	9.90 , 	58 ,20.0%, 	92 ,17%, 	74 ,15.2%, 	89 ," 	1,825 ", 	58 ,35%, 	84 ," 	4,194 "," 	5,994 ",18.1%, 	94 ,16.1%, 	96 ,45.7%, 	90 ," 	24,618 ", 	66 ,12.0%, 	88 ," 	3,568 ", 	61 ,14.0%, 	65 ,13.5%, 	48 , 	154 , 	54 , 	86 , 	54 ,39.3, 	43 , 	22 , 	47 , 	0.8450 , 	93 , 	0.8450 , 	93 ,730.7, 	69 ,39.3, 	55 ," 	86,476 ", 	92 ," 	4,653 ", 	63 ,9.2%, 	26 , 	285 , 	49 ,6.75%
Lincoln," 	98,348 ", 	30 ,0.9%, 	30 ,24.1%, 	18 ," 	19,118 ", 	18 ,44.82, 	28 , 	2.41 , 	11 ,18.8%, 	64 ,21.7%, 	47 ,19.7%, 	63 ,15.7%, 	71 ,5.4%, 	75 ," 	5,337 ", 	33 ,49038, 	71 ,-9.3%, 	62 ,552, 	31 ,-10.1%, 	57 , 	0.89 , 	16 , 	0.83 , 	18 , 	0.83 , 	26 , 	0.82 , 	23 ,11.3%, 	7 ," 	2,107 ", 	49 ,1018, 	19 ,81%, 	19 ," 	58,227 ", 	17 ,100.20%, 	17 ,3167,32," 	3,068 ", 	32 ,78.1%, 	34 ,72.7%, 	39 ,"$1,920",51, 	26.82 , 	28 ,15.3%, 	59 ,16%, 	68 ,9.3%, 	43 ," 	1,865 ", 	59 ,49%, 	27 ," 	9,783 "," 	14,161 ",13.6%, 	18 ,11.2%, 	19 ,23.6%, 	14 ," 	22,498 ", 	59 ,6.6%, 	19 ," 	3,702 ", 	63 ,12.2%, 	21 ,12.5%, 	26 , 	223 , 	84 , 	192 , 	74 ,38.3, 	42 , 	33 , 	62 , 	0.4990 , 	20 , 	0.4990 , 	20 ,992.9, 	25 ,94.7, 	24 ," 	198,980 ", 	18 ," 	18,983 ", 	22 ,3.0%, 	75 , 	493 , 	22 ,7.00%
Macon," 	38,539 ", 	64 ,0.4%, 	64 ,11.4%, 	39 ," 	3,958 ", 	39 ,49.65, 	8 , 	0.87 , 	56 ,17.1%, 	79 ,18.8%, 	83 ,30.6%, 	7 ,26.7%, 	6 ,7.4%, 	26 ," 	2,842 ", 	59 ,21973, 	89 ,11.1%, 	19 ,346, 	53 ,1.8%, 	19 , 	0.79 , 	69 , 	0.75 , 	51 , 	0.75 , 	67 , 	0.77 , 	43 ,18.6%, 	36 ," 	1,242 ", 	29 ,879, 	62 ,70%, 	62 ," 	48,309 ", 	53 ,83.14%, 	53 ,1555,59," 	1,557 ", 	59 ,59.3%, 	60 ,63.8%, 	54 ,null,null,null,null,5.3%, 	3 ,7%, 	10 ,11.6%, 	56 , 	843 , 	38 ,42%, 	53 ," 	3,053 "," 	4,991 ",16.7%, 	74 ,14.4%, 	82 ,28.5%, 	34 ," 	10,846 ", 	36 ,8.9%, 	51 ," 	1,720 ", 	33 ,16.5%, 	87 ,15.9%, 	84 , 	67 , 	8 , 	24 , 	23 ,53, 	76 , 	19 , 	38 , 	0.2700 , 	1 , 	0.2700 , 	1 ,918.0, 	39 ,35.0, 	61 ," 	339,994 ", 	3 ," 	12,947 ", 	32 ,2.3%, 	80 , 	283 , 	51 ,6.75%
Madison," 	21,453 ", 	77 ,0.2%, 	77 ,1.5%, 	56 , 	317 , 	56 ,46.30, 	19 , 	1.71 , 	28 ,16.7%, 	85 ,18.6%, 	85 ,25.4%, 	22 ,20.3%, 	25 ,6.3%, 	47 ," 	1,341 ", 	79 ,42763, 	74 ,-24.7%, 	90 ,535, 	32 ,-16.3%, 	79 , 	0.79 , 	73 , 	0.73 , 	62 , 	0.77 , 	58 , 	0.74 , 	58 ,21.2%, 	49 , 	759 , 	18 ,821, 	91 ,65%, 	91 ," 	44,497 ", 	79 ,76.58%, 	79 ,1616,57," 	1,569 ", 	58 ,54.8%, 	63 ,51.6%, 	68 ,"$1,448",71, 	3.08 , 	78 ,12.8%, 	47 ,14%, 	51 ,8.0%, 	24 , 	396 , 	16 ,52%, 	22 ," 	2,568 "," 	3,885 ",15.8%, 	55 ,13.3%, 	58 ,31.2%, 	48 ," 	6,653 ", 	19 ,9.9%, 	68 ," 	1,208 ", 	24 ,11.8%, 	16 ,12.6%, 	29 , 	41 , 	3 , 	9 , 	5 ,59.8, 	85 , 	13 , 	29 , 	0.3600 , 	6 , 	0.5000 , 	21 ,687.0, 	76 ,14.6, 	83 ," 	137,397 ", 	48 ," 	2,930 ", 	76 ,9.9%, 	23 , 	273 , 	55 ,7.00%
Martin," 	20,952 ", 	78 ,0.2%, 	78 ,-10.1%, 	85 ," 	(2,355)", 	85 ,47.08, 	15 , 	1.29 , 	40 ,19.9%, 	47 ,21.1%, 	57 ,27.1%, 	16 ,20.5%, 	24 ,7.0%, 	32 ," 	1,467 ", 	75 ,143806, 	13 ,2.0%, 	32 ,286, 	61 ,-13.9%, 	75 , 	0.78 , 	75 , 	0.68 , 	80 , 	0.74 , 	73 , 	0.72 , 	71 ,29.3%, 	86 ," 	1,250 ", 	30 ,726, 	99 ,58%, 	99 ," 	42,553 ", 	89 ,73.23%, 	89 ,428,85, 	417 , 	86 ,80.7%, 	31 ,59.1%, 	61 ,"$2,104",41, 	6.15 , 	69 ,18.6%, 	89 ,17%, 	72 ,12.7%, 	68 , 	598 , 	28 ,43%, 	49 ," 	2,014 "," 	3,256 ",17.0%, 	80 ,13.9%, 	72 ,40.3%, 	81 ," 	8,521 ", 	29 ,11.4%, 	84 ," 	1,273 ", 	26 ,13.5%, 	52 ,12.3%, 	22 , 	472 , 	99 , 	106 , 	57 ,49, 	67 , 	11 , 	26 , 	0.8100 , 	88 , 	0.8100 , 	84 ,824.3, 	47 ,17.4, 	79 ," 	101,770 ", 	74 ," 	2,151 ", 	84 ,18.0%, 	7 , 	269 , 	57 ,7.00%
McDowell," 	44,601 ", 	57 ,0.4%, 	57 ,0.1%, 	58 , 	63 , 	58 ,44.57, 	30 , 	1.76 , 	26 ,18.6%, 	67 ,20.9%, 	64 ,22.6%, 	39 ,18.5%, 	33 ,6.6%, 	37 ," 	2,939 ", 	54 ,17041, 	91 ,-25.9%, 	91 ,298, 	57 ,-10.5%, 	58 , 	0.80 , 	62 , 	0.73 , 	58 , 	0.76 , 	63 , 	0.74 , 	62 ,22.2%, 	57 ," 	1,879 ", 	44 ,864, 	69 ,68%, 	69 ," 	43,983 ", 	85 ,75.69%, 	85 ,630,79, 	653 , 	78 ,85.2%, 	27 ,96.6%, 	16 ,"$1,773",56, 	9.61 , 	59 ,18.2%, 	80 ,18%, 	85 ,12.4%, 	65 ," 	1,346 ", 	46 ,41%, 	57 ," 	4,414 "," 	5,871 ",16.8%, 	78 ,13.7%, 	66 ,35.0%, 	68 ," 	15,546 ", 	44 ,10.7%, 	78 ," 	2,760 ", 	49 ,14.5%, 	71 ,13.2%, 	42 , 	129 , 	45 , 	59 , 	39 ,45.9, 	60 , 	21 , 	45 , 	0.5675 , 	35 , 	0.5675 , 	31 ,818.0, 	48 ,36.3, 	58 ," 	144,136 ", 	40 ," 	6,403 ", 	52 ,3.2%, 	73 , 	150 , 	84 ,6.75%
Mecklenburg,1.19M, 	2 ,10.8%, 	2 ,17.7%, 	2 ," 	178,869 ", 	2 ,37.82, 	88 , 	3.12 , 	6 ,22.1%, 	19 ,24.1%, 	15 ,13.3%, 	98 ,10.0%, 	98 ,4.4%, 	98 ," 	51,982 ", 	2 ,7704, 	96 ,-34.0%, 	95 ,165, 	81 ,-23.6%, 	90 , 	0.92 , 	6 , 	0.88 , 	5 , 	0.89 , 	8 , 	0.88 , 	6 ,14.1%, 	15 ," 	35,626 ", 	100 ,1630, 	2 ,129%, 	2 ," 	76,441 ", 	3 ,131.55%, 	3 ,129565,1," 	127,497 ", 	1 ,27.9%, 	96 ,29.7%, 	96 ,"$3,652",9, 	596.92 , 	2 ,10.1%, 	23 ,10%, 	20 ,8.9%, 	34 ," 	31,408 ", 	100 ,67%, 	4 ," 	238,453 "," 	299,257 ",11.8%, 	4 ,9.1%, 	5 ,27.6%, 	31 ," 	322,419 ", 	100 ,7.2%, 	22 ," 	52,822 ", 	100 ,12.7%, 	37 ,12.2%, 	18 , 	160 , 	58 ," 	1,779 ", 	100 ,28.5, 	19 , 	317 , 	100 , 	0.4831 , 	19 , 	0.4731 , 	18 ,1165.7, 	12 ,1360.0, 	2 ," 	246,397 ", 	9 ," 	287,458 ", 	1 ,0.3%, 	99 , 	724 , 	13 ,7.25%
Mitchell," 	14,751 ", 	87 ,0.1%, 	87 ,-2.6%, 	65 , 	(399), 	65 ,44.05, 	35 , 	(2.60), 	99 ,17.9%, 	72 ,18.5%, 	88 ,24.7%, 	26 ,22.9%, 	14 ,6.1%, 	54 , 	901 , 	91 ,13860, 	94 ,-6.4%, 	58 ,263, 	64 ,5.2%, 	14 , 	0.79 , 	68 , 	0.72 , 	64 , 	0.74 , 	71 , 	0.71 , 	75 ,21.7%, 	56 , 	593 , 	13 ,917, 	38 ,73%, 	38 ," 	43,990 ", 	84 ,75.70%, 	84 ,496,84, 	536 , 	82 ,0.0%, 	100 ,53.1%, 	67 ,"$1,280",83, 	2.17 , 	85 ,5.5%, 	7 ,6%, 	2 ,4.9%, 	1 , 	157 , 	4 ,41%, 	59 ," 	1,313 "," 	2,251 ",16.7%, 	74 ,13.8%, 	69 ,30.7%, 	44 ," 	4,532 ", 	12 ,8.6%, 	46 , 	715 , 	12 ,13.7%, 	57 ,13.0%, 	39 , 	94 , 	26 , 	14 , 	14 ,33.4, 	29 , 	5 , 	10 , 	0.5600 , 	32 , 	0.5600 , 	28 ,944.3, 	31 ,14.0, 	84 ," 	168,628 ", 	28 ," 	2,493 ", 	81 ,5.4%, 	48 , 	114 , 	90 ,6.75%
Montgomery," 	25,516 ", 	74 ,0.2%, 	74 ,-4.2%, 	77 ," 	(1,117)", 	77 ,40.97, 	65 , 	(0.27), 	82 ,20.8%, 	32 ,23.4%, 	21 ,22.8%, 	36 ,18.7%, 	31 ,6.1%, 	53 ," 	1,563 ", 	73 ,34560, 	80 ,3.1%, 	28 ,210, 	75 ,-12.5%, 	68 , 	0.76 , 	84 , 	0.69 , 	77 , 	0.71 , 	81 , 	0.68 , 	82 ,24.0%, 	68 ," 	1,265 ", 	33 ,914, 	39 ,72%, 	39 ," 	46,774 ", 	63 ,80.49%, 	63 ,1093,69," 	1,051 ", 	69 ,120.5%, 	11 ,104.8%, 	10 ,"$1,730",60, 	6.00 , 	70 ,11.8%, 	30 ,18%, 	83 ,12.3%, 	61 , 	705 , 	30 ,38%, 	71 ," 	2,165 "," 	2,792 ",16.0%, 	57 ,12.6%, 	42 ,38.7%, 	77 ," 	9,881 ", 	31 ,10.8%, 	79 ," 	1,535 ", 	31 ,16.9%, 	89 ,16.3%, 	87 , 	217 , 	83 , 	59 , 	39 ,62.6, 	88 , 	17 , 	37 , 	0.6150 , 	49 , 	0.6150 , 	42 ,920.5, 	38 ,23.5, 	75 ," 	149,667 ", 	36 ," 	3,818 ", 	70 ,5.2%, 	52 , 	153 , 	83 ,7.00%
Moore," 	111,001 ", 	27 ,1.0%, 	27 ,21.2%, 	17 ," 	19,381 ", 	17 ,47.28, 	13 , 	1.49 , 	36 ,19.9%, 	48 ,21.0%, 	62 ,28.1%, 	12 ,24.9%, 	9 ,9.2%, 	12 ," 	10,265 ", 	19 ,106258, 	28 ,18.9%, 	12 ,802, 	13 ,9.4%, 	8 , 	0.88 , 	19 , 	0.82 , 	20 , 	0.87 , 	15 , 	0.82 , 	22 ,13.0%, 	12 ," 	2,931 ", 	58 ,999, 	24 ,79%, 	24 ," 	62,886 ", 	9 ,108.22%, 	9 ,4014,28," 	3,867 ", 	28 ,15.5%, 	99 ,14.4%, 	100 ,"$2,420",28, 	34.85 , 	20 ,11.8%, 	29 ,15%, 	57 ,6.3%, 	13 ," 	1,495 ", 	51 ,64%, 	7 ," 	15,189 "," 	19,276 ",13.1%, 	14 ,10.4%, 	14 ,20.4%, 	8 ," 	22,063 ", 	56 ,6.5%, 	18 ," 	3,541 ", 	59 ,11.7%, 	12 ,12.1%, 	17 , 	158 , 	56 , 	159 , 	70 ,49.6, 	68 , 	50 , 	76 , 	0.3100 , 	2 , 	0.3300 , 	3 ,669.0, 	80 ,72.5, 	28 ," 	202,739 ", 	16 ," 	21,960 ", 	19 ,4.7%, 	55 , 	975 , 	7 ,7.00%
Nash," 	97,793 ", 	31 ,0.9%, 	31 ,4.3%, 	37 ," 	3,999 ", 	37 ,42.80, 	49 , 	1.19 , 	46 ,20.2%, 	40 ,22.3%, 	39 ,21.2%, 	50 ,16.3%, 	61 ,5.6%, 	68 ," 	5,478 ", 	32 ,133252, 	16 ,2.9%, 	29 ,375, 	48 ,-11.8%, 	63 , 	0.82 , 	48 , 	0.77 , 	45 , 	0.76 , 	64 , 	0.75 , 	53 ,21.4%, 	52 ," 	4,419 ", 	75 ,989, 	27 ,78%, 	27 ," 	50,715 ", 	36 ,87.28%, 	36 ,5119,21," 	5,135 ", 	21 ,66.1%, 	51 ,70.4%, 	42 ,"$1,426",72, 	21.38 , 	34 ,18.4%, 	83 ,16%, 	67 ,11.3%, 	53 ," 	2,522 ", 	74 ,44%, 	46 ," 	9,736 "," 	14,066 ",14.2%, 	22 ,11.6%, 	23 ,35.2%, 	69 ," 	34,212 ", 	75 ,9.9%, 	69 ," 	5,434 ", 	74 ,13.9%, 	63 ,13.3%, 	44 , 	163 , 	61 , 	154 , 	68 ,43.5, 	54 , 	41 , 	72 , 	0.6300 , 	54 , 	0.6700 , 	55 ,628.8, 	89 ,61.2, 	35 ," 	93,844 ", 	83 ," 	9,132 ", 	41 ,6.1%, 	42 , 	396 , 	33 ,6.75%
New Hanover," 	242,708 ", 	12 ,2.2%, 	12 ,13.6%, 	12 ," 	29,145 ", 	12 ,39.80, 	74 , 	2.00 , 	19 ,17.2%, 	78 ,19.3%, 	78 ,19.1%, 	75 ,15.7%, 	72 ,6.5%, 	39 ," 	15,733 ", 	8 ,1898, 	99 ,115.9%, 	1 ,60, 	99 ,1.7%, 	20 , 	0.91 , 	13 , 	0.85 , 	10 , 	0.90 , 	4 , 	0.88 , 	7 ,15.5%, 	21 ," 	6,223 ", 	86 ,1132, 	8 ,90%, 	8 ," 	60,943 ", 	12 ,104.88%, 	12 ,15237,8," 	14,803 ", 	8 ,67.8%, 	47 ,65.6%, 	48 ,"$3,567",10, 	95.98 , 	10 ,9.2%, 	13 ,11%, 	23 ,5.8%, 	7 ," 	3,402 ", 	79 ,65%, 	6 ," 	37,989 "," 	52,293 ",14.1%, 	21 ,11.7%, 	27 ,21.2%, 	10 ," 	50,761 ", 	84 ,7.3%, 	24 ," 	10,859 ", 	91 ,11.1%, 	6 ,12.6%, 	29 , 	79 , 	20 , 	186 , 	72 ,39.7, 	44 , 	93 , 	88 , 	0.4500 , 	16 , 	0.4500 , 	16 ,952.3, 	30 ,228.0, 	9 ," 	211,622 ", 	14 ," 	50,661 ", 	6 ,0.4%, 	98 , 	177 , 	79 ,7.00%
Northampton," 	15,867 ", 	86 ,0.1%, 	86 ,-20.9%, 	93 ," 	(4,193)", 	93 ,38.62, 	82 , 	(5.39), 	100 ,19.3%, 	60 ,19.6%, 	74 ,20.1%, 	58 ,21.2%, 	23 ,8.1%, 	19 ," 	1,280 ", 	81 ,171478, 	7 ,0.8%, 	37 ,257, 	67 ,-5.5%, 	43 , 	0.63 , 	100 , 	0.53 , 	100 , 	0.66 , 	94 , 	0.61 , 	96 ,29.3%, 	86 , 	846 , 	22 ,913, 	41 ,72%, 	41 ," 	47,614 ", 	56 ,81.94%, 	56 ,506,83, 	529 , 	83 ,85.6%, 	26 ,86.8%, 	28 ,"$1,598",64, 	3.78 , 	76 ,25.0%, 	97 ,26%, 	99 ,10.0%, 	47 , 	338 , 	14 ,40%, 	62 ," 	1,334 "," 	2,944 ",14.7%, 	30 ,12.7%, 	44 ,43.2%, 	84 ," 	6,997 ", 	22 ,10.5%, 	75 ," 	1,032 ", 	19 ,11.7%, 	12 ,11.5%, 	9 , 	62 , 	7 , 	12 , 	10 ,10.3, 	1 , 	2 , 	2 , 	0.8300 , 	90 , 	0.8350 , 	88 ,1418.9, 	4 ,23.0, 	77 ," 	169,929 ", 	26 ," 	2,752 ", 	78 ,12.8%, 	16 , 	284 , 	50 ,6.75%
Onslow," 	214,782 ", 	13 ,2.0%, 	13 ,11.6%, 	15 ," 	22,409 ", 	15 ,25.44, 	100 , 	(0.92), 	90 ,31.7%, 	1 ,27.4%, 	3 ,10.5%, 	100 ,8.5%, 	100 ,15.5%, 	1 ," 	33,349 ", 	4 ,53032, 	67 ,1.1%, 	33 ,342, 	54 ,0.6%, 	23 , 	0.91 , 	10 , 	0.87 , 	7 , 	0.89 , 	11 , 	0.87 , 	10 ,16.2%, 	24 ," 	8,137 ", 	91 ,857, 	73 ,68%, 	73 ," 	51,585 ", 	31 ,88.77%, 	31 ,9039,13," 	9,099 ", 	12 ,31.9%, 	94 ,34.5%, 	91 ,null,null,null,null,14.3%, 	50 ,11%, 	22 ,5.0%, 	2 ," 	2,909 ", 	75 ,46%, 	37 ," 	26,855 "," 	29,424 ",15.7%, 	50 ,13.4%, 	60 ,26.0%, 	23 ," 	55,151 ", 	87 ,7.6%, 	27 ," 	9,090 ", 	88 ,10.7%, 	4 ,11.2%, 	6 , 	139 , 	50 , 	275 , 	85 ,46.5, 	62 , 	92 , 	87 , 	0.6550 , 	61 , 	0.6550 , 	50 ,650.0, 	84 ,138.0, 	16 ," 	99,240 ", 	78 ," 	21,076 ", 	20 ,1.1%, 	92 , 	206 , 	69 ,7.00%
Orange," 	151,635 ", 	21 ,1.4%, 	21 ,7.9%, 	27 ," 	11,045 ", 	27 ,38.07, 	87 , 	3.80 , 	3 ,15.6%, 	93 ,19.6%, 	75 ,17.7%, 	83 ,11.6%, 	92 ,3.9%, 	100 ," 	5,851 ", 	31 ,53068, 	66 ,-24.1%, 	89 ,687, 	22 ,0.1%, 	27 , 	0.92 , 	6 , 	0.88 , 	5 , 	0.92 , 	2 , 	0.91 , 	2 ,11.4%, 	8 ," 	3,089 ", 	61 ,1442, 	3 ,114%, 	3 ," 	77,568 ", 	2 ,133.49%, 	2 ,9679,10," 	9,308 ", 	10 ,72.0%, 	39 ,88.9%, 	25 ,"$5,344",2, 	102.94 , 	8 ,4.7%, 	1 ,4%, 	1 ,5.2%, 	4 ," 	1,790 ", 	57 ,81%, 	1 ," 	27,739 "," 	34,134 ",12.3%, 	8 ,9.5%, 	7 ,15.1%, 	2 ," 	22,749 ", 	61 ,3.9%, 	3 ," 	3,793 ", 	64 ,10.0%, 	2 ,8.7%, 	1 , 	74 , 	13 , 	110 , 	58 ,24.2, 	12 , 	36 , 	65 , 	0.8629 , 	95 , 	0.8353 , 	89 ,1271.9, 	10 ,191.0, 	13 ," 	152,267 ", 	35 ," 	22,866 ", 	18 ,3.7%, 	67 , 	776 , 	12 ,7.50%
Pamlico," 	12,139 ", 	91 ,0.1%, 	91 ,-4.5%, 	67 , 	(568), 	67 ,50.40, 	7 , 	0.47 , 	72 ,14.4%, 	98 ,16.6%, 	98 ,31.3%, 	5 ,26.0%, 	7 ,11.3%, 	6 ," 	1,370 ", 	78 ,54675, 	64 ,26.4%, 	5 ,81, 	94 ,-19.0%, 	83 , 	0.83 , 	46 , 	0.74 , 	57 , 	0.77 , 	55 , 	0.77 , 	46 ,27.4%, 	77 , 	458 , 	8 ,683, 	100 ,54%, 	100 ," 	52,301 ", 	30 ,90.00%, 	30 ,288,91, 	297 , 	91 ,124.3%, 	7 ,123.4%, 	4 ,"$2,787",20, 	4.51 , 	74 ,18.5%, 	85 ,14%, 	49 ,6.7%, 	15 , 	159 , 	5 ,32%, 	93 , 	759 ," 	1,377 ",15.1%, 	38 ,12.3%, 	36 ,27.5%, 	27 ," 	3,344 ", 	5 ,8.3%, 	39 , 	549 , 	7 ,14.8%, 	76 ,14.4%, 	63 , 	244 , 	88 , 	31 , 	29 ,102.2, 	100 , 	13 , 	29 , 	0.6450 , 	57 , 	0.6250 , 	44 ,1038.5, 	20 ,12.6, 	88 ," 	166,160 ", 	29 ," 	2,024 ", 	87 ,5.1%, 	53 , 	88 , 	96 ,6.75%
Pasquotank," 	40,933 ", 	61 ,0.4%, 	61 ,3.5%, 	47 ," 	1,398 ", 	47 ,37.80, 	89 , 	1.11 , 	48 ,21.8%, 	21 ,22.8%, 	30 ,17.5%, 	86 ,14.6%, 	82 ,9.3%, 	11 ," 	3,805 ", 	45 ,95870, 	36 ,32.8%, 	4 ,133, 	85 ,5.6%, 	12 , 	0.87 , 	23 , 	0.79 , 	36 , 	0.82 , 	30 , 	0.78 , 	41 ,22.8%, 	60 ," 	1,931 ", 	45 ,920, 	37 ,73%, 	37 ," 	47,234 ", 	59 ,81.29%, 	59 ,1609,58," 	1,589 ", 	57 ,90.6%, 	23 ,70.0%, 	43 ,"$2,150",40, 	11.36 , 	53 ,9.8%, 	19 ,12%, 	32 ,7.5%, 	21 , 	808 , 	36 ,47%, 	35 ," 	5,061 "," 	4,760 ",13.3%, 	16 ,10.9%, 	16 ,32.9%, 	57 ," 	13,475 ", 	42 ,9.0%, 	53 ," 	2,156 ", 	41 ,11.2%, 	8 ,13.2%, 	42 , 	201 , 	80 , 	80 , 	52 ,35.2, 	36 , 	14 , 	31 , 	0.6200 , 	50 , 	0.6200 , 	43 ,680.5, 	77 ,27.9, 	66 ," 	109,760 ", 	65 ," 	4,497 ", 	64 ,5.8%, 	45 , 	219 , 	65 ,7.00%
Pender," 	69,485 ", 	40 ,0.6%, 	40 ,26.5%, 	22 ," 	14,550 ", 	22 ,42.27, 	54 , 	0.79 , 	61 ,19.6%, 	53 ,21.1%, 	56 ,19.7%, 	61 ,17.1%, 	56 ,7.6%, 	24 ," 	5,279 ", 	34 ,78903, 	43 ,22.4%, 	9 ,354, 	51 ,5.4%, 	13 , 	0.86 , 	29 , 	0.79 , 	33 , 	0.84 , 	22 , 	0.83 , 	19 ,13.9%, 	14 ," 	1,994 ", 	48 ,869, 	68 ,69%, 	68 ," 	49,887 ", 	38 ,85.85%, 	38 ,1777,54," 	1,749 ", 	53 ,120.9%, 	10 ,90.1%, 	23 ,"$2,321",31, 	25.04 , 	31 ,10.7%, 	25 ,12%, 	28 ,9.1%, 	37 ," 	1,342 ", 	45 ,51%, 	23 ," 	7,567 "," 	12,441 ",13.8%, 	20 ,11.1%, 	18 ,27.5%, 	28 ," 	18,528 ", 	49 ,6.3%, 	15 ," 	2,551 ", 	45 ,13.3%, 	48 ,12.4%, 	24 , 	70 , 	11 , 	44 , 	33 ,36.5, 	37 , 	23 , 	49 , 	0.7375 , 	76 , 	0.7375 , 	70 ,1048.6, 	19 ,70.6, 	29 ," 	142,179 ", 	43 ," 	9,577 ", 	38 ,3.5%, 	68 , 	292 , 	48 ,6.75%
Perquimans," 	13,209 ", 	90 ,0.1%, 	90 ,-1.1%, 	60 , 	(151), 	60 ,47.16, 	14 , 	(0.50), 	85 ,17.5%, 	75 ,19.5%, 	76 ,29.0%, 	10 ,25.1%, 	8 ,9.9%, 	8 ," 	1,309 ", 	80 ,78264, 	44 ,-2.6%, 	45 ,137, 	83 ,-8.1%, 	50 , 	0.81 , 	53 , 	0.73 , 	62 , 	0.80 , 	44 , 	0.76 , 	51 ,23.0%, 	63 , 	553 , 	11 ,820, 	92 ,65%, 	92 ," 	53,355 ", 	28 ,91.82%, 	28 ,284,92, 	286 , 	93 ,97.3%, 	19 ,75.0%, 	36 ,"$2,061",44, 	3.39 , 	77 ,9.9%, 	21 ,12%, 	31 ,9.0%, 	35 , 	223 , 	7 ,38%, 	69 , 	942 ," 	2,147 ",15.5%, 	45 ,12.3%, 	36 ,31.2%, 	50 ," 	4,109 ", 	10 ,8.2%, 	36 , 	590 , 	9 ,12.5%, 	29 ,11.9%, 	13 , 	89 , 	24 , 	12 , 	10 ,66.8, 	90 , 	9 , 	24 , 	0.5200 , 	26 , 	0.6400 , 	47 ,936.1, 	33 ,12.3, 	91 ," 	146,262 ", 	39 ," 	1,926 ", 	89 ,11.0%, 	21 , 	187 , 	76 ,6.75%
Person," 	39,272 ", 	63 ,0.4%, 	63 ,1.6%, 	52 , 	615 , 	52 ,43.09, 	45 , 	0.56 , 	67 ,20.0%, 	45 ,21.6%, 	49 ,22.0%, 	44 ,17.2%, 	54 ,5.5%, 	69 ," 	2,174 ", 	68 ,88571, 	38 ,7.8%, 	22 ,364, 	50 ,-7.4%, 	47 , 	0.85 , 	40 , 	0.79 , 	37 , 	0.78 , 	49 , 	0.79 , 	36 ,20.3%, 	43 ," 	1,611 ", 	41 ,926, 	36 ,73%, 	36 ," 	45,304 ", 	72 ,77.96%, 	72 ,1537,60," 	1,473 ", 	61 ,64.1%, 	54 ,58.3%, 	64 ,"$2,247",36, 	11.95 , 	52 ,17.2%, 	75 ,18%, 	82 ,8.3%, 	29 , 	734 , 	32 ,42%, 	52 ," 	3,733 "," 	5,871 ",15.7%, 	50 ,13.4%, 	60 ,32.5%, 	55 ," 	12,743 ", 	39 ,8.5%, 	44 ," 	1,930 ", 	38 ,12.2%, 	21 ,12.2%, 	18 , 	175 , 	64 , 	69 , 	45 ,25.3, 	15 , 	10 , 	25 , 	0.7225 , 	70 , 	0.7225 , 	63 ,1001.0, 	23 ,39.3, 	56 ," 	138,546 ", 	46 ," 	5,435 ", 	57 ,9.0%, 	28 , 	341 , 	39 ,6.75%
Pitt," 	177,440 ", 	17 ,1.6%, 	17 ,4.7%, 	30 ," 	8,033 ", 	30 ,32.83, 	98 , 	0.48 , 	71 ,21.7%, 	23 ,22.5%, 	36 ,15.0%, 	90 ,11.4%, 	93 ,6.2%, 	48 ," 	11,071 ", 	16 ,151433, 	9 ,-18.8%, 	80 ,367, 	49 ,-23.2%, 	89 , 	0.86 , 	36 , 	0.81 , 	26 , 	0.83 , 	25 , 	0.81 , 	28 ,22.9%, 	61 ," 	8,259 ", 	92 ,1086, 	10 ,86%, 	10 ," 	53,495 ", 	27 ,92.06%, 	27 ,9399,11," 	9,243 ", 	11 ,51.0%, 	71 ,50.3%, 	69 ,"$2,015",47, 	48.79 , 	17 ,8.1%, 	12 ,9%, 	14 ,8.1%, 	27 ," 	3,519 ", 	81 ,60%, 	10 ," 	26,034 "," 	31,722 ",15.6%, 	46 ,13.1%, 	50 ,34.3%, 	65 ," 	60,491 ", 	90 ,9.3%, 	60 ," 	9,700 ", 	90 ,12.6%, 	31 ,12.3%, 	22 , 	98 , 	29 , 	177 , 	71 ,50.3, 	70 , 	91 , 	86 , 	0.5663 , 	34 , 	0.6841 , 	58 ,645.0, 	86 ,113.9, 	19 ," 	94,279 ", 	82 ," 	16,647 ", 	27 ,3.8%, 	64 , 	487 , 	23 ,7.00%
Polk," 	19,660 ", 	80 ,0.2%, 	80 ,-0.9%, 	61 , 	(183), 	61 ,51.32, 	4 , 	1.22 , 	43 ,14.8%, 	97 ,17.3%, 	96 ,31.2%, 	6 ,26.9%, 	3 ,7.3%, 	29 ," 	1,430 ", 	76 ,24076, 	86 ,-17.3%, 	78 ,274, 	62 ,-2.5%, 	34 , 	0.81 , 	54 , 	0.77 , 	43 , 	0.81 , 	35 , 	0.79 , 	34 ,19.5%, 	40 , 	591 , 	12 ,832, 	88 ,66%, 	88 ," 	61,494 ", 	11 ,105.83%, 	11 ,533,82, 	509 , 	84 ,132.8%, 	5 ,103.4%, 	11 ,"$3,035",16, 	6.16 , 	68 ,16.7%, 	69 ,14%, 	50 ,8.0%, 	25 , 	285 , 	11 ,52%, 	20 ," 	1,841 "," 	3,478 ",15.4%, 	44 ,12.2%, 	34 ,25.4%, 	21 ," 	4,976 ", 	15 ,8.6%, 	45 , 	889 , 	16 ,13.1%, 	45 ,14.1%, 	60 , 	111 , 	36 , 	23 , 	22 ,57.9, 	83 , 	12 , 	28 , 	0.5343 , 	28 , 	0.5343 , 	24 ,1011.6, 	21 ,19.8, 	78 ," 	189,331 ", 	19 ," 	3,714 ", 	72 ,9.0%, 	27 , 	314 , 	45 ,6.75%
Randolph," 	146,358 ", 	22 ,1.3%, 	22 ,2.8%, 	36 ," 	4,050 ", 	36 ,41.22, 	63 , 	0.53 , 	69 ,20.6%, 	35 ,23.1%, 	25 ,19.6%, 	69 ,16.0%, 	68 ,5.8%, 	62 ," 	8,432 ", 	25 ,131301, 	17 ,-11.2%, 	67 ,1238, 	1 ,-9.5%, 	56 , 	0.86 , 	36 , 	0.76 , 	48 , 	0.79 , 	46 , 	0.76 , 	49 ,17.6%, 	32 ," 	5,545 ", 	80 ,898, 	51 ,71%, 	51 ," 	46,748 ", 	64 ,80.45%, 	64 ,4188,27," 	4,172 ", 	27 ,46.1%, 	79 ,42.8%, 	82 ,"$1,415",73, 	30.38 , 	24 ,16.1%, 	62 ,13%, 	41 ,14.3%, 	81 ," 	4,839 ", 	90 ,36%, 	81 ," 	12,226 "," 	21,511 ",16.1%, 	62 ,13.5%, 	62 ,33.0%, 	58 ," 	48,123 ", 	81 ,10.1%, 	70 ," 	8,668 ", 	85 ,16.1%, 	85 ,15.1%, 	76 , 	246 , 	89 , 	353 , 	89 ,79.4, 	95 , 	114 , 	91 , 	0.5000 , 	21 , 	0.5000 , 	21 ,591.1, 	95 ,86.1, 	26 ," 	118,220 ", 	58 ," 	17,227 ", 	26 ,5.8%, 	44 , 	831 , 	11 ,7.00%
Richmond," 	42,299 ", 	60 ,0.4%, 	60 ,-5.3%, 	86 ," 	(2,369)", 	86 ,41.43, 	61 , 	0.99 , 	53 ,22.5%, 	15 ,23.4%, 	22 ,19.6%, 	65 ,16.2%, 	63 ,6.3%, 	46 ," 	2,650 ", 	66 ,57946, 	63 ,-2.1%, 	43 ,261, 	65 ,10.1%, 	6 , 	0.80 , 	64 , 	0.73 , 	60 , 	0.71 , 	80 , 	0.69 , 	81 ,30.6%, 	89 ," 	2,996 ", 	60 ,844, 	82 ,67%, 	82 ," 	46,009 ", 	68 ,79.18%, 	68 ,2003,45," 	1,797 ", 	51 ,67.1%, 	49 ,59.1%, 	60 ,"$1,356",77, 	8.69 , 	62 ,16.2%, 	65 ,17%, 	78 ,14.9%, 	88 ," 	1,561 ", 	52 ,37%, 	78 ," 	3,824 "," 	4,390 ",18.2%, 	95 ,16.6%, 	97 ,53.0%, 	97 ," 	22,506 ", 	60 ,14.0%, 	93 ," 	3,338 ", 	58 ,13.1%, 	45 ,14.9%, 	73 , 	500 , 	100 , 	224 , 	78 ,82.5, 	96 , 	37 , 	68 , 	0.7500 , 	78 , 	0.8300 , 	87 ,727.5, 	70 ,30.9, 	65 ," 	87,652 ", 	89 ," 	3,725 ", 	71 ,5.2%, 	51 , 	109 , 	91 ,6.75%
Robeson," 	118,737 ", 	25 ,1.1%, 	25 ,-6.8%, 	100 ," 	(8,645)", 	100 ,37.37, 	91 , 	1.21 , 	44 ,22.7%, 	13 ,24.9%, 	11 ,17.7%, 	84 ,13.5%, 	88 ,6.3%, 	45 ," 	7,457 ", 	28 ,263080, 	2 ,-0.3%, 	41 ,732, 	19 ,1.4%, 	22 , 	0.70 , 	96 , 	0.59 , 	93 , 	0.65 , 	96 , 	0.60 , 	99 ,35.0%, 	97 ," 	10,165 ", 	94 ,852, 	78 ,68%, 	78 ," 	41,071 ", 	96 ,70.68%, 	96 ,3846,29," 	3,830 ", 	29 ,51.6%, 	68 ,66.9%, 	46 ,$638,91, 	13.36 , 	48 ,20.7%, 	94 ,22%, 	95 ,20.5%, 	95 ," 	5,796 ", 	95 ,32%, 	92 ," 	9,123 "," 	14,651 ",20.4%, 	99 ,18.0%, 	100 ,59.1%, 	100 ," 	69,490 ", 	93 ,17.4%, 	99 ," 	11,874 ", 	92 ,16.9%, 	89 ,19.7%, 	96 , 	286 , 	96 , 	373 , 	91 ,87.3, 	97 , 	114 , 	91 , 	0.7500 , 	78 , 	0.7700 , 	76 ,542.6, 	98 ,63.8, 	32 ," 	70,470 ", 	99 ," 	8,287 ", 	45 ,3.8%, 	63 , 	199 , 	72 ,7.00%
Rockingham," 	91,571 ", 	32 ,0.8%, 	32 ,-0.4%, 	64 , 	(379), 	64 ,44.29, 	32 , 	0.66 , 	65 ,18.8%, 	65 ,20.9%, 	63 ,22.3%, 	42 ,18.2%, 	40 ,5.2%, 	81 ," 	4,725 ", 	38 ,109295, 	24 ,-12.3%, 	72 ,769, 	16 ,-8.9%, 	53 , 	0.77 , 	79 , 	0.70 , 	76 , 	0.72 , 	77 , 	0.71 , 	76 ,22.9%, 	61 ," 	4,170 ", 	74 ,854, 	76 ,68%, 	76 ," 	45,332 ", 	71 ,78.01%, 	71 ,2796,35," 	2,764 ", 	35 ,44.0%, 	82 ,40.5%, 	84 ,"$1,338",79, 	15.83 , 	39 ,16.3%, 	66 ,19%, 	88 ,14.3%, 	82 ," 	2,914 ", 	77 ,38%, 	67 ," 	7,820 "," 	12,094 ",17.0%, 	80 ,14.0%, 	74 ,34.0%, 	64 ," 	31,164 ", 	73 ,9.5%, 	64 ," 	5,070 ", 	72 ,14.2%, 	68 ,13.3%, 	44 , 	235 , 	85 , 	214 , 	77 ,74.7, 	93 , 	68 , 	82 , 	0.5801 , 	38 , 	0.6950 , 	62 ,655.5, 	83 ,60.0, 	37 ," 	94,314 ", 	81 ," 	8,637 ", 	44 ,5.3%, 	50 , 	312 , 	46 ,7.00%
Rowan," 	153,047 ", 	20 ,1.4%, 	20 ,9.1%, 	24 ," 	12,761 ", 	24 ,41.01, 	64 , 	1.19 , 	47 ,21.1%, 	29 ,22.8%, 	29 ,19.8%, 	60 ,15.9%, 	69 ,5.8%, 	61 ," 	8,828 ", 	24 ,104888, 	30 ,-11.8%, 	70 ,801, 	14 ,-13.4%, 	72 , 	0.87 , 	21 , 	0.81 , 	28 , 	0.80 , 	39 , 	0.79 , 	35 ,23.1%, 	64 ," 	7,360 ", 	89 ,1058, 	13 ,84%, 	13 ," 	46,990 ", 	60 ,80.87%, 	60 ,5810,19," 	5,680 ", 	19 ,34.0%, 	90 ,36.7%, 	90 ,"$2,236",37, 	41.11 , 	19 ,12.4%, 	36 ,13%, 	36 ,13.1%, 	72 ," 	4,662 ", 	88 ,41%, 	56 ," 	14,562 "," 	19,840 ",15.6%, 	46 ,13.2%, 	55 ,32.9%, 	56 ," 	49,960 ", 	83 ,7.8%, 	29 ," 	6,817 ", 	80 ,14.5%, 	71 ,12.9%, 	36 , 	253 , 	91 , 	360 , 	90 ,75.3, 	94 , 	107 , 	90 , 	0.5800 , 	37 , 	0.5800 , 	32 ,761.8, 	62 ,115.8, 	18 ," 	131,350 ", 	53 ," 	19,974 ", 	21 ,5.9%, 	43 , 	984 , 	5 ,7.00%
Rutherford," 	65,035 ", 	43 ,0.6%, 	43 ,-1.0%, 	69 , 	(677), 	69 ,43.43, 	43 , 	0.45 , 	73 ,19.5%, 	54 ,21.3%, 	54 ,22.2%, 	43 ,19.3%, 	29 ,6.8%, 	33 ," 	4,453 ", 	41 ,63632, 	58 ,6.2%, 	25 ,614, 	26 ,-1.0%, 	29 , 	0.81 , 	57 , 	0.70 , 	73 , 	0.75 , 	66 , 	0.73 , 	66 ,21.4%, 	52 ," 	2,722 ", 	54 ,872, 	65 ,69%, 	65 ," 	42,525 ", 	90 ,73.18%, 	90 ,1835,50," 	1,800 ", 	50 ,63.3%, 	56 ,60.1%, 	56 ,null,null,null,null,16.6%, 	68 ,14%, 	52 ,12.0%, 	59 ," 	1,737 ", 	56 ,37%, 	76 ," 	5,338 "," 	9,547 ",18.4%, 	97 ,16.0%, 	94 ,37.1%, 	75 ," 	23,898 ", 	64 ,10.5%, 	76 ," 	3,853 ", 	66 ,14.0%, 	65 ,13.6%, 	53 , 	278 , 	95 , 	186 , 	72 ,68.6, 	92 , 	46 , 	74 , 	0.4540 , 	17 , 	0.4540 , 	17 ,768.6, 	58 ,49.5, 	43 ," 	169,290 ", 	27 ," 	10,906 ", 	35 ,2.6%, 	79 , 	208 , 	68 ,7.00%
Sampson," 	59,770 ", 	47 ,0.5%, 	47 ,-3.7%, 	84 ," 	(2,325)", 	84 ,39.75, 	75 , 	0.20 , 	79 ,23.9%, 	8 ,25.1%, 	9 ,19.6%, 	67 ,16.1%, 	65 ,5.5%, 	73 ," 	3,289 ", 	47 ,292205, 	1 ,-3.0%, 	50 ,882, 	8 ,-8.1%, 	51 , 	0.78 , 	78 , 	0.64 , 	88 , 	0.71 , 	82 , 	0.66 , 	89 ,25.7%, 	74 ," 	3,634 ", 	70 ,908, 	43 ,72%, 	43 ," 	46,849 ", 	62 ,80.62%, 	62 ,1802,51," 	1,894 ", 	46 ,69.7%, 	42 ,64.9%, 	50 ,"$1,317",81, 	14.03 , 	46 ,18.2%, 	79 ,14%, 	48 ,17.8%, 	93 ," 	2,462 ", 	72 ,37%, 	73 ," 	5,104 "," 	6,997 ",16.5%, 	71 ,12.5%, 	39 ,42.7%, 	83 ," 	25,363 ", 	67 ,11.0%, 	81 ," 	3,565 ", 	60 ,17.7%, 	93 ,17.9%, 	93 , 	148 , 	52 , 	94 , 	56 ,25.2, 	14 , 	16 , 	36 , 	0.6250 , 	52 , 	0.8250 , 	86 ,733.0, 	66 ,43.6, 	50 ," 	88,844 ", 	86 ," 	5,280 ", 	59 ,13.7%, 	14 , 	590 , 	19 ,7.00%
Scotland," 	33,130 ", 	70 ,0.3%, 	70 ,-6.5%, 	83 ," 	(2,309)", 	83 ,40.60, 	67 , 	0.72 , 	62 ,22.8%, 	12 ,23.9%, 	17 ,20.8%, 	54 ,16.0%, 	67 ,6.5%, 	41 ," 	2,146 ", 	69 ,51025, 	68 ,-7.0%, 	59 ,121, 	89 ,12.0%, 	5 , 	0.79 , 	65 , 	0.61 , 	91 , 	0.68 , 	93 , 	0.62 , 	95 ,34.3%, 	95 ," 	2,648 ", 	53 ,911, 	42 ,72%, 	42 ," 	41,064 ", 	97 ,70.67%, 	97 ,1185,67," 	1,156 ", 	66 ,105.6%, 	16 ,96.8%, 	15 ,"$1,905",52, 	10.00 , 	57 ,16.2%, 	63 ,17%, 	76 ,16.4%, 	91 ," 	1,393 ", 	50 ,32%, 	94 ," 	2,675 "," 	3,632 ",19.4%, 	98 ,17.9%, 	99 ,50.3%, 	96 ," 	16,774 ", 	47 ,15.2%, 	97 ," 	2,755 ", 	48 ,13.3%, 	48 ,14.3%, 	61 , 	322 , 	98 , 	112 , 	60 ,57.4, 	81 , 	20 , 	41 , 	0.9900 , 	100 , 	0.9900 , 	99 ,762.0, 	61 ,25.4, 	72 ," 	76,971 ", 	95 ," 	2,566 ", 	79 ,6.2%, 	41 , 	105 , 	93 ,6.75%
Stanly," 	64,286 ", 	44 ,0.6%, 	44 ,6.6%, 	38 ," 	3,971 ", 	38 ,42.46, 	52 , 	0.94 , 	54 ,20.0%, 	44 ,21.5%, 	50 ,21.0%, 	52 ,17.4%, 	52 ,5.1%, 	84 ," 	3,257 ", 	49 ,109164, 	26 ,13.9%, 	16 ,649, 	24 ,-3.4%, 	37 , 	0.86 , 	31 , 	0.81 , 	22 , 	0.80 , 	45 , 	0.78 , 	39 ,19.0%, 	38 ," 	2,594 ", 	52 ,853, 	77 ,68%, 	77 ," 	48,212 ", 	54 ,82.97%, 	54 ,1870,48," 	1,812 ", 	49 ,73.5%, 	38 ,71.4%, 	41 ,"$1,593",65, 	15.00 , 	42 ,12.7%, 	40 ,12%, 	27 ,13.7%, 	74 ," 	2,081 ", 	62 ,41%, 	55 ," 	6,257 "," 	8,845 ",15.3%, 	39 ,12.5%, 	39 ,30.2%, 	42 ," 	19,237 ", 	51 ,8.5%, 	43 ," 	3,086 ", 	53 ,13.6%, 	55 ,12.8%, 	33 , 	194 , 	76 , 	122 , 	62 ,35, 	34 , 	22 , 	47 , 	0.6100 , 	47 , 	0.6100 , 	39 ,674.6, 	79 ,43.0, 	51 ," 	110,593 ", 	64 ," 	7,051 ", 	50 ,7.4%, 	36 , 	406 , 	30 ,7.00%
Stokes," 	46,036 ", 	55 ,0.4%, 	55 ,0.7%, 	57 , 	302 , 	57 ,45.91, 	23 , 	1.88 , 	21 ,17.4%, 	77 ,19.7%, 	73 ,23.0%, 	34 ,18.0%, 	43 ,5.8%, 	59 ," 	2,674 ", 	65 ,81361, 	42 ,-12.4%, 	73 ,726, 	20 ,-15.2%, 	76 , 	0.81 , 	50 , 	0.70 , 	75 , 	0.79 , 	47 , 	0.76 , 	52 ,15.4%, 	19 ," 	1,259 ", 	31 ,741, 	98 ,59%, 	98 ," 	46,391 ", 	65 ,79.83%, 	65 ,1208,66," 	1,112 ", 	67 ,67.9%, 	46 ,103.0%, 	12 ,"$2,711",21, 	14.87 , 	44 ,16.3%, 	67 ,17%, 	80 ,8.8%, 	33 , 	811 , 	37 ,39%, 	65 ," 	3,578 "," 	6,168 ",15.7%, 	50 ,13.8%, 	69 ,28.6%, 	35 ," 	13,035 ", 	40 ,8.2%, 	35 ," 	2,209 ", 	43 ,12.8%, 	39 ,13.7%, 	55 , 	173 , 	63 , 	79 , 	51 ,52.6, 	75 , 	24 , 	53 , 	0.7100 , 	68 , 	0.6600 , 	52 ,720.9, 	71 ,32.9, 	63 ," 	109,233 ", 	67 ," 	4,984 ", 	61 ,10.7%, 	22 , 	398 , 	32 ,6.75%
Surry," 	71,249 ", 	38 ,0.6%, 	38 ,-1.7%, 	78 ," 	(1,196)", 	78 ,42.24, 	57 , 	0.02 , 	80 ,20.2%, 	41 ,22.0%, 	43 ,20.7%, 	55 ,18.2%, 	37 ,4.6%, 	94 ," 	3,267 ", 	48 ,105791, 	29 ,-30.6%, 	92 ,933, 	6 ,-12.3%, 	66 , 	0.78 , 	77 , 	0.66 , 	83 , 	0.75 , 	69 , 	0.72 , 	72 ,22.7%, 	58 ," 	3,330 ", 	63 ,906, 	44 ,72%, 	44 ," 	48,778 ", 	46 ,83.94%, 	46 ,2527,40," 	2,546 ", 	39 ,65.6%, 	53 ,62.5%, 	55 ,null,null,null,null,14.3%, 	57 ,16%, 	70 ,14.5%, 	84 ," 	2,312 ", 	69 ,42%, 	50 ," 	6,771 "," 	10,855 ",17.9%, 	92 ,14.5%, 	83 ,33.9%, 	63 ," 	24,130 ", 	65 ,9.5%, 	65 ," 	3,924 ", 	68 ,15.1%, 	79 ,14.7%, 	69 , 	162 , 	59 , 	116 , 	61 ,46, 	61 , 	33 , 	62 , 	0.5520 , 	31 , 	0.5520 , 	27 ,590.4, 	96 ,42.1, 	52 ," 	106,959 ", 	70 ," 	7,621 ", 	48 ,8.2%, 	30 , 	442 , 	24 ,7.00%
Swain," 	13,857 ", 	89 ,0.1%, 	89 ,-5.4%, 	71 , 	(789), 	71 ,39.92, 	72 , 	(0.75), 	87 ,23.1%, 	9 ,23.3%, 	24 ,20.2%, 	57 ,18.2%, 	38 ,6.7%, 	35 , 	923 , 	89 ,3930, 	97 ,-61.2%, 	98 ,70, 	97 ,-29.3%, 	95 , 	0.74 , 	90 , 	0.60 , 	92 , 	0.68 , 	92 , 	0.63 , 	94 ,20.7%, 	46 , 	623 , 	14 ,898, 	51 ,71%, 	51 ," 	51,517 ", 	32 ,88.66%, 	32 ,701,77, 	695 , 	77 ,122.1%, 	9 ,83.8%, 	31 ,$419,92, 	0.83 , 	91 ,12.8%, 	45 ,20%, 	90 ,12.4%, 	63 , 	412 , 	19 ,36%, 	79 ," 	1,216 "," 	1,475 ",18.2%, 	95 ,15.1%, 	92 ,46.9%, 	94 ," 	6,510 ", 	18 ,15.5%, 	98 ," 	1,236 ", 	25 ,20.4%, 	99 ,24.2%, 	100 , 	189 , 	71 , 	27 , 	27 ,98.1, 	99 , 	14 , 	31 , 	0.4100 , 	11 , 	0.3600 , 	6 ,535.5, 	100 ,7.4, 	99 ," 	148,737 ", 	37 ," 	2,063 ", 	86 ,2.9%, 	76 , 	53 , 	98 ,7.00%
Transylvania," 	33,230 ", 	69 ,0.3%, 	69 ,2.1%, 	51 , 	680 , 	51 ,51.09, 	5 , 	1.21 , 	45 ,15.4%, 	95 ,17.0%, 	97 ,33.3%, 	1 ,28.9%, 	1 ,8.3%, 	18 ," 	2,752 ", 	62 ,11537, 	95 ,-21.4%, 	87 ,142, 	82 ,-34.0%, 	96 , 	0.86 , 	32 , 	0.81 , 	26 , 	0.80 , 	37 , 	0.80 , 	32 ,20.9%, 	47 ," 	1,037 ", 	27 ,902, 	48 ,71%, 	48 ," 	55,406 ", 	20 ,95.35%, 	20 ,1796,52," 	1,712 ", 	54 ,86.1%, 	25 ,91.4%, 	20 ,"$3,679",7, 	13.35 , 	49 ,11.1%, 	27 ,10%, 	18 ,6.6%, 	14 , 	433 , 	20 ,46%, 	38 ," 	3,011 "," 	3,627 ",15.0%, 	37 ,12.0%, 	31 ,24.7%, 	19 ," 	8,151 ", 	28 ,8.2%, 	37 ," 	1,386 ", 	29 ,13.7%, 	57 ,15.5%, 	81 , 	151 , 	53 , 	52 , 	38 ,20.4, 	5 , 	7 , 	18 , 	0.6033 , 	46 , 	0.6033 , 	38 ,1324.6, 	6 ,43.7, 	49 ," 	219,554 ", 	11 ," 	7,252 ", 	49 ,3.3%, 	71 , 	223 , 	64 ,6.75%
Tyrrell," 	3,324 ", 	100 ,0.0%, 	100 ,-16.6%, 	68 , 	(663), 	68 ,44.79, 	29 , 	2.00 , 	20 ,19.6%, 	51 ,17.5%, 	94 ,23.9%, 	31 ,19.3%, 	28 ,7.3%, 	30 , 	241 , 	99 ,63761, 	56 ,20.4%, 	10 ,73, 	96 ,7.4%, 	10 , 	0.75 , 	88 , 	0.63 , 	89 , 	0.69 , 	89 , 	0.64 , 	91 ,28.1%, 	81 , 	200 , 	2 ,826, 	90 ,65%, 	90 ," 	45,079 ", 	74 ,77.58%, 	74 ,103,100, 	115 , 	100 ,138.5%, 	4 ,54.5%, 	65 ,"$1,340",78, 	0.60 , 	92 ,18.5%, 	84 ,16%, 	65 ,35.3%, 	100 , 	294 , 	13 ,26%, 	99 , 	216 , 	355 ,15.8%, 	55 ,13.7%, 	66 ,35.2%, 	70 ," 	1,177 ", 	1 ,8.6%, 	47 , 	151 , 	1 ,17.4%, 	91 ,18.6%, 	95 , 	75 , 	14 , 	3 , 	2 ,49.8, 	69 , 	2 , 	2 , 	0.9500 , 	99 , 	0.9500 , 	97 ,1280.3, 	9 ,4.3, 	100 ," 	134,765 ", 	51 , 	450 , 	100 ,21.6%, 	1 , 	102 , 	94 ,6.75%
Union," 	263,285 ", 	8 ,2.4%, 	8 ,22.3%, 	6 ," 	48,061 ", 	6 ,39.83, 	73 , 	2.02 , 	17 ,20.6%, 	37 ,27.5%, 	2 ,15.0%, 	91 ,11.3%, 	94 ,4.0%, 	99 ," 	10,583 ", 	18 ,212066, 	4 ,13.6%, 	17 ,882, 	8 ,-7.8%, 	49 , 	0.93 , 	2 , 	0.91 , 	2 , 	0.89 , 	9 , 	0.89 , 	4 ,8.7%, 	2 ," 	5,386 ", 	78 ,1129, 	9 ,89%, 	9 ," 	67,641 ", 	6 ,116.40%, 	6 ,8592,15," 	8,307 ", 	15 ,46.7%, 	77 ,47.3%, 	74 ,"$2,694",22, 	122.69 , 	6 ,9.4%, 	14 ,8%, 	12 ,9.2%, 	39 ," 	5,057 ", 	91 ,58%, 	12 ," 	31,934 "," 	56,704 ",10.5%, 	1 ,7.6%, 	1 ,20.6%, 	9 ," 	52,848 ", 	86 ,4.5%, 	6 ," 	7,192 ", 	81 ,10.3%, 	3 ,10.8%, 	4 , 	114 , 	39 , 	274 , 	84 ,20.8, 	6 , 	50 , 	76 , 	0.5880 , 	40 , 	0.5880 , 	33 ,916.5, 	40 ,235.6, 	8 ," 	155,875 ", 	31 ," 	40,071 ", 	10 ,3.4%, 	69 ," 	1,188 ", 	2 ,6.75%
Vance," 	40,712 ", 	62 ,0.4%, 	62 ,-6.9%, 	88 ," 	(3,009)", 	88 ,38.41, 	83 , 	(0.90), 	89 ,23.0%, 	10 ,24.1%, 	16 ,19.7%, 	62 ,16.2%, 	64 ,5.8%, 	60 ," 	2,362 ", 	67 ,38231, 	75 ,-42.2%, 	97 ,170, 	80 ,-28.6%, 	93 , 	0.80 , 	60 , 	0.70 , 	70 , 	0.75 , 	68 , 	0.71 , 	73 ,31.5%, 	91 ," 	3,100 ", 	62 ,872, 	65 ,69%, 	65 ," 	43,356 ", 	88 ,74.61%, 	88 ,1265,65," 	1,264 ", 	65 ,65.9%, 	52 ,58.8%, 	63 ,"$1,307",82, 	9.47 , 	60 ,14.3%, 	52 ,20%, 	89 ,17.9%, 	94 ," 	1,719 ", 	55 ,34%, 	90 ," 	3,232 "," 	6,312 ",16.2%, 	64 ,14.3%, 	79 ,56.3%, 	99 ," 	23,062 ", 	62 ,11.9%, 	86 ," 	2,782 ", 	50 ,14.3%, 	69 ,14.4%, 	63 , 	180 , 	65 , 	80 , 	52 ,47.2, 	64 , 	21 , 	45 , 	0.7129 , 	69 , 	0.8900 , 	96 ,657.5, 	81 ,26.9, 	69 ," 	73,876 ", 	98 ," 	3,026 ", 	75 ,5.5%, 	47 , 	121 , 	88 ,6.75%
Wake,1.21 M, 	1 ,11.0%, 	1 ,21.9%, 	1 ," 	217,857 ", 	1 ,39.33, 	79 , 	3.42 , 	5 ,20.6%, 	36 ,24.8%, 	12 ,14.0%, 	97 ,10.0%, 	97 ,4.5%, 	95 ," 	55,037 ", 	1 ,62323, 	60 ,-19.1%, 	82 ,664, 	23 ,-3.9%, 	40 , 	0.94 , 	1 , 	0.91 , 	1 , 	0.92 , 	1 , 	0.92 , 	1 ,8.3%, 	1 ," 	21,956 ", 	98 ,1424, 	4 ,113%, 	4 ," 	76,357 ", 	4 ,131.40%, 	4 ,94676,2," 	91,399 ", 	2 ,39.8%, 	85 ,37.2%, 	89 ,"$3,659",8, 	644.26 , 	1 ,8.1%, 	11 ,7%, 	7 ,5.7%, 	5 ," 	19,186 ", 	99 ,75%, 	2 ," 	250,929 "," 	300,739 ",11.1%, 	2 ,8.5%, 	2 ,18.9%, 	6 ," 	224,606 ", 	99 ,4.4%, 	4 ," 	33,396 ", 	99 ,9.2%, 	1 ,9.5%, 	2 , 	104 , 	34 ," 	1,152 ", 	99 ,21.7, 	7 , 	241 , 	99 , 	0.5135 , 	24 , 	0.6570 , 	51 ,1146.3, 	14 ,1363.6, 	1 ," 	174,469 ", 	25 ," 	207,548 ", 	2 ,1.2%, 	91 ," 	2,218 ", 	1 ,7.25%
Warren," 	18,803 ", 	82 ,0.2%, 	82 ,-6.4%, 	80 ," 	(1,293)", 	80 ,44.12, 	34 , 	(0.88), 	88 ,17.5%, 	76 ,18.8%, 	82 ,25.1%, 	23 ,21.6%, 	21 ,5.9%, 	57 ," 	1,106 ", 	85 ,63669, 	57 ,4.8%, 	26 ,237, 	71 ,-11.2%, 	62 , 	0.74 , 	91 , 	0.59 , 	95 , 	0.68 , 	91 , 	0.66 , 	88 ,27.3%, 	76 , 	877 , 	23 ,748, 	97 ,59%, 	97 ," 	37,601 ", 	100 ,64.71%, 	100 ,317,89, 	320 , 	89 ,49.6%, 	72 ,90.9%, 	21 ,"$3,233",14, 	5.56 , 	72 ,25.0%, 	100 ,21%, 	92 ,12.7%, 	67 , 	517 , 	25 ,34%, 	88 ," 	1,380 "," 	2,475 ",17.3%, 	86 ,13.8%, 	69 ,36.4%, 	72 ," 	6,829 ", 	21 ,9.1%, 	55 , 	962 , 	18 ,16.2%, 	86 ,17.4%, 	91 , 	76 , 	15 , 	15 , 	15 ,30.4, 	25 , 	6 , 	14 , 	0.8100 , 	88 , 	0.8100 , 	84 ,1240.1, 	11 ,23.2, 	76 ," 	153,100 ", 	33 ," 	2,869 ", 	77 ,5.0%, 	54 , 	117 , 	89 ,6.75%
Washington," 	10,304 ", 	96 ,0.1%, 	96 ,-15.0%, 	82 ," 	(1,817)", 	82 ,46.78, 	17 , 	0.51 , 	70 ,21.4%, 	25 ,22.1%, 	42 ,28.3%, 	11 ,21.4%, 	22 ,7.7%, 	23 , 	796 , 	96 ,76554, 	46 ,-3.9%, 	52 ,110, 	90 ,-22.0%, 	86 , 	0.66 , 	98 , 	0.63 , 	90 , 	0.63 , 	99 , 	0.60 , 	98 ,35.3%, 	100 , 	760 , 	19 ,902, 	48 ,71%, 	48 ," 	45,405 ", 	70 ,78.14%, 	70 ,277,93, 	290 , 	92 ,98.4%, 	17 ,72.0%, 	40 ,"$1,687",62, 	1.66 , 	89 ,18.6%, 	90 ,17%, 	79 ,6.0%, 	10 , 	125 , 	1 ,31%, 	95 , 	638 ," 	1,124 ",17.7%, 	91 ,16.6%, 	97 ,44.1%, 	88 ," 	4,596 ", 	13 ,14.5%, 	95 , 	743 , 	15 ,12.1%, 	19 ,12.9%, 	36 , 	43 , 	5 , 	5 , 	4 ,17.3, 	2 , 	2 , 	2 , 	0.8500 , 	94 , 	0.8500 , 	94 ,843.9, 	45 ,8.8, 	96 ," 	99,282 ", 	77 ," 	1,035 ", 	97 ,16.3%, 	10 , 	138 , 	85 ,7.00%
Watauga," 	57,751 ", 	48 ,0.5%, 	48 ,11.5%, 	32 ," 	5,946 ", 	32 ,30.07, 	99 , 	0.36 , 	76 ,11.4%, 	100 ,13.1%, 	100 ,18.1%, 	79 ,14.7%, 	80 ,4.8%, 	89 ," 	2,777 ", 	61 ,29402, 	84 ,-40.7%, 	96 ,400, 	47 ,-23.1%, 	88 , 	0.89 , 	17 , 	0.83 , 	16 , 	0.88 , 	13 , 	0.87 , 	9 ,12.8%, 	11 , 	820 , 	21 ,880, 	61 ,70%, 	61 ," 	48,445 ", 	51 ,83.37%, 	51 ,2369,43," 	2,309 ", 	43 ,125.0%, 	6 ,75.7%, 	35 ,"$3,187",15, 	15.28 , 	41 ,5.5%, 	8 ,6%, 	5 ,6.9%, 	16 , 	740 , 	33 ,67%, 	5 ," 	7,133 "," 	13,321 ",15.3%, 	39 ,12.6%, 	42 ,12.9%, 	1 ," 	7,320 ", 	23 ,3.8%, 	2 ," 	1,352 ", 	28 ,12.6%, 	31 ,13.3%, 	44 , 	77 , 	16 , 	43 , 	32 ,24.9, 	13 , 	14 , 	31 , 	0.3180 , 	3 , 	0.3180 , 	2 ,800.7, 	51 ,45.3, 	47 ," 	251,800 ", 	7 ," 	14,247 ", 	30 ,2.1%, 	84 , 	279 , 	52 ,6.75%
Wayne," 	117,140 ", 	26 ,1.1%, 	26 ,-4.1%, 	95 ," 	(4,968)", 	95 ,37.76, 	90 , 	0.80 , 	60 ,24.5%, 	6 ,24.7%, 	13 ,17.8%, 	82 ,14.6%, 	83 ,9.1%, 	13 ," 	10,646 ", 	17 ,149752, 	10 ,-9.4%, 	63 ,415, 	44 ,-24.7%, 	91 , 	0.87 , 	25 , 	0.80 , 	30 , 	0.78 , 	51 , 	0.77 , 	45 ,26.4%, 	75 ," 	7,185 ", 	87 ,906, 	44 ,72%, 	44 ," 	49,370 ", 	44 ,84.96%, 	44 ,4951,24," 	4,947 ", 	24 ,61.4%, 	58 ,59.4%, 	58 ,"$1,250",85, 	22.86 , 	33 ,12.7%, 	41 ,13%, 	46 ,14.0%, 	76 ," 	4,116 ", 	84 ,44%, 	45 ," 	12,859 "," 	20,498 ",16.0%, 	57 ,13.0%, 	48 ,39.3%, 	78 ," 	45,963 ", 	79 ,9.3%, 	59 ," 	6,146 ", 	76 ,14.8%, 	76 ,14.9%, 	73 , 	114 , 	38 , 	140 , 	65 ,22.7, 	9 , 	28 , 	59 , 	0.7675 , 	80 , 	0.7425 , 	73 ,603.7, 	90 ,70.6, 	30 ," 	81,312 ", 	93 ," 	9,508 ", 	39 ,8.2%, 	31 , 	601 , 	18 ,6.75%
Wilkes," 	66,315 ", 	42 ,0.6%, 	42 ,-2.1%, 	81 ," 	(1,397)", 	81 ,43.97, 	38 , 	0.67 , 	64 ,19.4%, 	58 ,21.0%, 	60 ,22.7%, 	37 ,19.1%, 	30 ,5.3%, 	78 ," 	3,511 ", 	46 ,114778, 	21 ,7.6%, 	24 ,871, 	11 ,-6.5%, 	45 , 	0.84 , 	41 , 	0.75 , 	52 , 	0.77 , 	56 , 	0.75 , 	54 ,28.4%, 	84 ," 	3,583 ", 	69 ,876, 	63 ,69%, 	63 ," 	47,495 ", 	57 ,81.73%, 	57 ,2460,41," 	2,437 ", 	41 ,81.2%, 	30 ,90.9%, 	22 ,"$1,814",55, 	14.91 , 	43 ,14.3%, 	56 ,16%, 	64 ,14.5%, 	85 ," 	2,103 ", 	63 ,39%, 	63 ," 	5,694 "," 	9,337 ",17.5%, 	88 ,14.9%, 	87 ,33.7%, 	62 ," 	22,252 ", 	57 ,10.1%, 	72 ," 	3,795 ", 	65 ,15.5%, 	80 ,14.7%, 	69 , 	190 , 	72 , 	130 , 	64 ,35.1, 	35 , 	24 , 	53 , 	0.6600 , 	62 , 	0.6600 , 	53 ,634.4, 	88 ,41.9, 	53 ," 	96,118 ", 	80 ," 	6,344 ", 	53 ,11.8%, 	20 , 	636 , 	15 ,7.00%
Wilson," 	78,355 ", 	37 ,0.7%, 	37 ,-1.1%, 	74 , 	(894), 	74 ,39.44, 	78 , 	0.44 , 	75 ,22.2%, 	18 ,23.8%, 	18 ,18.9%, 	76 ,15.7%, 	73 ,6.2%, 	49 ," 	4,865 ", 	37 ,126286, 	18 ,2.7%, 	31 ,207, 	77 ,-25.0%, 	92 , 	0.80 , 	59 , 	0.75 , 	49 , 	0.70 , 	83 , 	0.74 , 	60 ,30.6%, 	89 ," 	5,358 ", 	77 ,1019, 	18 ,81%, 	18 ," 	48,774 ", 	47 ,83.94%, 	47 ,3740,30," 	3,780 ", 	30 ,27.1%, 	98 ,26.6%, 	98 ,"$2,040",46, 	24.54 , 	32 ,16.8%, 	73 ,21%, 	93 ,13.4%, 	73 ," 	2,492 ", 	73 ,40%, 	61 ," 	7,356 "," 	11,532 ",16.5%, 	71 ,13.7%, 	66 ,41.1%, 	82 ," 	32,217 ", 	74 ,11.0%, 	82 ," 	4,925 ", 	71 ,16.0%, 	83 ,15.1%, 	76 , 	188 , 	70 , 	154 , 	68 ,36.7, 	39 , 	30 , 	60 , 	0.5950 , 	43 , 	0.7300 , 	64 ,761.4, 	63 ,59.7, 	39 ," 	104,299 ", 	72 ," 	8,179 ", 	46 ,3.9%, 	62 , 	209 , 	67 ,6.75%
Yadkin," 	37,511 ", 	66 ,0.3%, 	66 ,0.1%, 	59 , 	40 , 	59 ,43.22, 	44 , 	0.53 , 	68 ,19.4%, 	57 ,21.9%, 	45 ,21.3%, 	48 ,17.9%, 	44 ,5.6%, 	67 ," 	2,113 ", 	70 ,98329, 	34 ,12.3%, 	18 ,754, 	18 ,-7.8%, 	48 , 	0.81 , 	56 , 	0.72 , 	66 , 	0.76 , 	65 , 	0.72 , 	70 ,17.6%, 	32 ," 	1,308 ", 	35 ,855, 	75 ,68%, 	75 ," 	47,455 ", 	58 ,81.67%, 	58 ,938,70, 	940 , 	70 ,115.7%, 	13 ,74.5%, 	37 ,"$1,652",63, 	8.20 , 	63 ,14.3%, 	53 ,15%, 	55 ,7.4%, 	20 , 	602 , 	29 ,39%, 	64 ," 	3,161 "," 	4,545 ",15.6%, 	46 ,13.1%, 	50 ,30.5%, 	43 ," 	11,400 ", 	38 ,7.7%, 	28 ," 	1,669 ", 	32 ,14.6%, 	74 ,15.4%, 	79 , 	186 , 	67 , 	70 , 	47 ,50.4, 	71 , 	19 , 	38 , 	0.6500 , 	58 , 	0.6500 , 	48 ,703.1, 	73 ,26.3, 	71 ," 	108,171 ", 	68 ," 	4,045 ", 	68 ,14.5%, 	12 , 	512 , 	21 ,6.75%
Yancey," 	18,606 ", 	83 ,0.2%, 	83 ,4.8%, 	50 , 	850 , 	50 ,45.79, 	24 , 	(0.39), 	83 ,17.8%, 	73 ,18.9%, 	80 ,25.7%, 	20 ,23.0%, 	13 ,5.0%, 	86 , 	928 , 	88 ,21341, 	90 ,-30.8%, 	93 ,288, 	59 ,-22.0%, 	85 , 	0.79 , 	65 , 	0.70 , 	72 , 	0.76 , 	61 , 	0.73 , 	67 ,21.4%, 	52 , 	702 , 	16 ,844, 	82 ,67%, 	82 ," 	42,006 ", 	91 ,72.29%, 	91 ,401,87, 	414 , 	87 ,33.3%, 	91 ,44.9%, 	80 ,null,null,null,null,5.5%, 	10 ,6%, 	3 ,7.0%, 	17 , 	271 , 	10 ,44%, 	44 ," 	1,686 "," 	3,090 ",16.7%, 	74 ,13.6%, 	64 ,30.9%, 	46 ," 	5,718 ", 	17 ,9.4%, 	62 , 	960 , 	17 ,14.3%, 	69 ,14.7%, 	69 , 	94 , 	27 , 	17 , 	17 ,22.1, 	8 , 	4 , 	7 , 	0.5200 , 	26 , 	0.6000 , 	37 ,813.5, 	50 ,15.1, 	82 ," 	135,589 ", 	49 ," 	2,510 ", 	80 ,7.6%, 	33 , 	169 , 	80 ,6.75%
,,,,,,,,,,,,,,,,,,,,,,,,,,,,,,,,,,,,,,,,,,,,,,,,,,,,,,,,,,,,,,,,,,,,,,,,,,,,,,,,,,,,,,,,,,,,,,,,,,,,,,,,,,,,,,,,,,,,,
Statewide ,10.98 Million                  100%,null,100.0%,null,11.2%,null,1.1 Million,null,39.9 Years,null,1.8 Years,null,20.7%,null,23.0%,null,18.1%,null,14.6%,null,6.1%,null,"674,00 Veterans",null,8.1 Million Acres,,-0.0358680043774276,null,"42,817 Farms",null,-7.8%,null, 	0.87 ,, 	0.81 ,, 	0.83 ,, 	0.81 ,,17.3%,null," 	390,000 ",null,"$1,262/Week",null,100%,null," 	58,109 ",null,100.00%,null,$609 Billion,null,$597 Billion,null,53.0%,null,51.0%,null,"$2,678/ADM",,$3.8 Billion,,10.9%,null,0.120999999344349,,8.4%,null,"235,000 Residents",,57.4%,null,1.5 Million,2 Million,14.0%,null,11.8%,null,29.0%,,3.1 Million,null,7.7%,," 	499,000 ",null, 	0.125 ,null, 	0.127 ,null, 	161.4 ,null,"16,932",null,41.4,null,4339,null,FY 2023-24* Weighted Avg.: 0.5778¢/$100,,,,902.0,null,$9.8 Billion,null," 	156,028 ",null,$1.69 Trillion,null, 	0.0265 ,null,$38.0 Billion,null,null